date,r_portfel,equity
2018-01-03,0.015015212874335826,1.015015212874336
2018-01-04,0.0026069097949773246,1.017661265974829
2018-01-05,0.009621803982274524,1.0274530031963922
2018-01-08,0.02264635754329128,1.0507210712657062
2018-01-09,-0.0022875331365099505,1.0483175119979566
2018-01-10,0.0016007013054454289,1.0499955552079332
2018-01-11,0.004959486437179861,1.055202993923086
2018-01-12,0.004388793764451782,1.0598340622430464
2018-01-16,-0.005120922973969155,1.054406733645111
2018-01-17,0.019649933395041674,1.075125755732521
2018-01-18,-0.0020643428326447277,1.0729063275844826
2018-01-19,0.008876853494740156,1.0824303598680296
2018-01-22,0.0074162925629400744,1.0904579800958196
2018-01-23,0.007306957098791977,1.0984259097744151
2018-01-24,-0.012343879319585943,1.0848670729026533
2018-01-25,-0.00845382052727267,1.0756958013723867
2018-01-26,0.016509520582335846,1.0934550233454763
2018-01-29,0.0029406463347964318,1.096670487852142
2018-01-30,-0.011450718693861495,1.0841128225958874
2018-01-31,0.016117914965424862,1.1015864608834147
2018-02-01,-0.010411727593558046,1.0901170427319449
2018-02-02,-0.028617885838779805,1.0589201976521339
2018-02-05,-0.04548468834692079,1.0107555424776669
2018-02-06,0.034436564403861725,1.0455624908127592
2018-02-07,0.0017651184290400357,1.0474080324340058
2018-02-08,-0.05361012105908056,0.9912563610169653
2018-02-09,0.025299766900480608,1.0163349158893134
2018-02-12,0.012676798803273576,1.0292187891347842
2018-02-13,0.015790176210654316,1.0454703351745387
2018-02-14,0.016927552808946922,1.0631675894833932
2018-02-15,0.02786963074380211,1.0927976776210735
2018-02-16,-0.004225048238927248,1.0881805547177368
2018-02-20,0.0059514997114013535,1.094656860975092
2018-02-21,-0.013147030226030282,1.080265374136721
2018-02-22,0.013217457267102994,1.094543735556504
2018-02-23,0.018846934375340407,1.1151725295114774
2018-02-26,0.013031958387319686,1.129705411510753
2018-02-27,-0.009031381019323326,1.119502611499808
2018-02-28,-0.01129289176201978,1.106860189680842
2018-03-01,-0.02578503660819964,1.0783197591697629
2018-03-02,0.010094180075818249,1.0892045129981354
2018-03-05,0.00018943415875369296,1.0894108455387659
2018-03-06,0.0019777155259291523,1.0915653902821034
2018-03-07,0.0019186801161433231,1.0936597550919078
2018-03-08,0.0011566048786919303,1.0949246873002763
2018-03-09,0.012716980771346392,1.1088488234947462
2018-03-12,0.021541059771490734,1.1327346022791938
2018-03-13,-0.013211995436487989,1.117768917883129
2018-03-14,-0.013692286683007926,1.1024641054141175
2018-03-15,0.000987868274654441,1.1035531947278014
2018-03-16,-0.0018868620900415467,1.1014709420403253
2018-03-19,-0.023861071051473975,1.075188665631167
2018-03-20,0.007061015492594358,1.0827805894566507
2018-03-21,-0.003616221401747638,1.0788650151156607
2018-03-22,-0.023421516867906278,1.0535963599659353
2018-03-23,-0.028349909868724932,1.0237269981228843
2018-03-26,0.04533464791817604,1.0701373011471165
2018-03-27,-0.05783519278328511,1.0082457040306887
2018-03-28,-0.026771795496490947,0.9812531562321635
2018-03-29,0.026873623201403463,1.0076229838179345
2018-04-02,-0.0333722498560825,0.9739963378412311
2018-04-03,0.025690969246133843,0.9990192478025571
2018-04-04,0.03120732803105275,1.030195969178067
2018-04-05,0.01286085145888291,1.0434451665112061
2018-04-06,-0.025514608610244627,1.0168220714814211
2018-04-09,-0.002722916788571589,1.0140533495919941
2018-04-10,0.03800378252992154,1.0525912125636268
2018-04-11,-0.008839436763484337,1.0432868991023714
2018-04-12,0.01069283652915795,1.054442595367485
2018-04-13,0.0015294702792838788,1.0560553339783105
2018-04-16,-0.0031232253694953582,1.0527570351676385
2018-04-17,0.011997048379070452,1.0653870122499516
2018-04-18,0.004088892321725851,1.0697432650240069
2018-04-19,-0.009957708716126612,1.0590910731898595
2018-04-20,-0.021688345946144993,1.036121139606044
2018-04-23,-0.011000259395508055,1.024723538305208
2018-04-24,-0.012239949311184273,1.012180974138375
2018-04-25,-0.008659455481139333,1.0034160380539674
2018-04-26,0.020295361214108465,1.0237807289943022
2018-04-27,0.010008464566724551,1.0340272021445371
2018-04-30,-0.0032053719615442178,1.030712760343309
2018-05-01,0.017376230147365723,1.048622662482861
2018-05-02,0.007234424068682854,1.0562088435112933
2018-05-03,-0.004534027581268363,1.0514199634832335
2018-05-04,0.02769081268725715,1.0805346367476907
2018-05-07,0.02203246372044898,1.1043414769305226
2018-05-08,0.0012047904376848717,1.1056719769818673
2018-05-09,0.014120401100372104,1.1212845087822927
2018-05-10,0.008838371137386336,1.1311948374215124
2018-05-11,-0.010114620691052983,1.1197532307133164
2018-05-14,-0.006472002602157717,1.1125061848903652
2018-05-15,-0.020347238110187377,1.0898697566473448
2018-05-16,0.005459643960644467,1.0958200574821135
2018-05-17,-0.004042411125452783,1.0913903022902536
2018-05-18,-0.009010559782513722,1.0815562647254116
2018-05-21,0.010187151940583644,1.0925742427264593
2018-05-22,-0.01078934256034017,1.0807860849490794
2018-05-23,0.013411292504707906,1.0952808232693494
2018-05-24,-0.0021071065987864346,1.0929729498191143
2018-05-25,0.0032032786863882556,1.0964740467740688
2018-05-29,0.0019187874596454102,1.0985779474248454
2018-05-30,0.01330346443783642,1.1131928400806033
2018-05-31,-0.007898817925881124,1.1043999325204121
2018-06-01,0.02104894542313851,1.127646386425352
2018-06-04,0.015503095317603022,1.1451283958386549
2018-06-05,-0.0013112203373241427,1.1436268801971838
2018-06-06,0.026037735557075836,1.1734043344797216
2018-06-07,-0.009386871840579347,1.16238973837478
2018-06-08,0.00023631487766789805,1.1626644283636065
2018-06-11,0.007742436704816724,1.1716662841091536
2018-06-12,0.011928349963980123,1.1856423295870038
2018-06-13,-0.001894904904379241,1.1833956501218297
2018-06-14,0.015223731089990422,1.2014113472723489
2018-06-15,-0.006978933768282125,1.1930267770512726
2018-06-18,0.010366646639849458,1.2053944640808416
2018-06-19,-0.021003654207669503,1.1800767755734485
2018-06-20,0.012507712027983786,1.1948368360532327
2018-06-21,-0.01829431704160106,1.1729781121614913
2018-06-22,-0.018507285399975926,1.1512694714717935
2018-06-25,-0.020997044171163853,1.1270962155263877
2018-06-26,0.01460423856710652,1.143556597546018
2018-06-27,-0.008901724754159762,1.13337697147386
2018-06-28,0.014004653495665487,1.149249523239318
2018-06-29,-0.00967331097517729,1.1381324752129498
2018-07-02,0.006235971898838011,1.1452298373455327
2018-07-03,-0.030390225763518908,1.110426044037484
2018-07-05,0.008653954334772451,1.1200356203147264
2018-07-06,0.011501478267498033,1.1329176856605998
2018-07-09,0.014894699794361033,1.1497921544802367
2018-07-10,0.00748135459528923,1.158394157298785
2018-07-11,-0.011954495672559878,1.1445461393582381
2018-07-12,0.011582585323143046,1.157802942673629
2018-07-13,0.003172294578603796,1.1614758346717642
2018-07-16,-0.00978058965798903,1.1501159161351693
2018-07-17,0.018865065232628098,1.171812927918143
2018-07-18,-0.004391876597882705,1.1666664701429228
2018-07-19,-0.0022358422168816394,1.164057987995957
2018-07-20,-0.0024177146232755853,1.1612436279760383
2018-07-23,-0.005528847092968497,1.1548232895192747
2018-07-24,-0.004363443511870652,1.1497842833292646
2018-07-25,0.022401444194088516,1.1755411117875052
2018-07-26,-0.002256598781236324,1.1728883871473523
2018-07-27,-0.019069266850924332,1.1505222655064893
2018-07-30,-0.020487580732362592,1.1269508477075445
2018-07-31,0.009798968346769132,1.1379938033925954
2018-08-01,0.019106677143905015,1.1597370835857823
2018-08-02,0.0550217308276279,1.2235478252296574
2018-08-03,0.002312010442669571,1.226376680578694
2018-08-06,-0.0010172834941965525,1.2251291078238737
2018-08-07,0.02973559211860763,1.261559047266758
2018-08-08,-0.0030793179095406076,1.2576743058985664
2018-08-09,-0.011595717952680551,1.2430906693710333
2018-08-10,-0.001743502282819498,1.2409233379512332
2018-08-13,0.0017542608540115912,1.2431002411858303
2018-08-14,0.003203635976123831,1.2470826818404215
2018-08-15,-0.011489494007004664,1.2327543328411765
2018-08-16,-0.0003580763180320856,1.2323129127086347
2018-08-17,-0.029722944573525895,1.1956849443069557
2018-08-20,0.0014039750767081416,1.1973636561683578
2018-08-21,0.013868158663130903,1.2139688853295671
2018-08-22,0.011732852427285168,1.2282122031124547
2018-08-23,0.0043059032663692876,1.2335007660496313
2018-08-24,0.009894685534684311,1.2457058682364845
2018-08-27,0.00545658014475528,1.252503162143309
2018-08-28,-0.00365524103272194,1.2479249611914287
2018-08-29,0.00611520477561911,1.2555562778737206
2018-08-30,7.279704595047898e-06,1.2555654179525262
2018-08-31,0.005091055894774876,1.2619575716748688
2018-09-04,-0.008421749443350224,1.2513296811980843
2018-09-05,-0.02059342693031807,1.2255605148425934
2018-09-06,-0.008509377538461094,1.2151317577255671
2018-09-07,-0.019782830652242983,1.19109301194232
2018-09-10,0.02312734859619789,1.2186398352400052
2018-09-11,0.0035093699908294307,1.222916493307426
2018-09-12,0.0036664621171469958,1.2274002703025717
2018-09-13,0.010721930567685056,1.2405603707795139
2018-09-14,0.007827892718308666,1.250271344272561
2018-09-17,-0.01193461309286481,1.235349839517572
2018-09-18,-0.008234798244879465,1.2251769828273005
2018-09-19,0.010035086872975052,1.237471740284742
2018-09-20,0.0002695160985141387,1.237805258840205
2018-09-21,-0.003185716384919407,1.2338619623457785
2018-09-24,0.007112029685255261,1.242637225249489
2018-09-25,0.004748309888335467,1.248537651873755
2018-09-26,0.002728882281565176,1.2519447641498203
2018-09-27,0.00486700107355717,1.2580379806609718
2018-09-28,-0.021229620904079566,1.2313303112486056
2018-10-01,0.05518112175772616,1.2992764990775938
2018-10-02,-0.009049591974790855,1.287518576898507
2018-10-03,-0.0018620772586528944,1.285121117836371
2018-10-04,-0.027047399884610385,1.2503619330620932
2018-10-05,-0.031595962889907625,1.2108555438261102
2018-10-08,-0.01809286904424051,1.1889476930401717
2018-10-09,0.018639657839553236,1.2111092712275668
2018-10-10,-0.049486007317763286,1.1511763089689884
2018-10-11,-0.01806633011912462,1.1303787777458392
2018-10-12,0.03619283092404735,1.1712903857289256
2018-10-15,-0.020375478775142425,1.1474247833349775
2018-10-16,0.04088003452592165,1.1943315480936096
2018-10-17,-0.008898187182073275,1.1837041624212175
2018-10-18,-0.021703938167025538,1.1580131204719766
2018-10-19,-0.010340504544437579,1.1460386805372178
2018-10-22,0.0069089769408944846,1.1539566353544226
2018-10-23,0.019679790109749934,1.1766662597339508
2018-10-24,-0.05122060520060412,1.1163967017912466
2018-10-25,0.05349642673200922,1.1761199361524788
2018-10-26,-0.005825480135543487,1.1692684728274059
2018-10-29,-0.024951509916840114,1.1400934589322043
2018-10-30,0.020672162804788452,1.1636616565279254
2018-10-31,0.029205470222945062,1.197646942387235
2018-11-01,0.0155457653164906,1.2162652806855994
2018-11-02,-0.018125852049724306,1.1942194361546759
2018-11-05,-0.01119778259529347,1.1808468265375418
2018-11-06,0.0021047693420255253,1.1833322367356662
2018-11-07,0.025860422953617013,1.2139337088723001
2018-11-08,-0.008135698520241347,1.2040575101933566
2018-11-09,-0.010718955562499771,1.1911512712469
2018-11-12,-0.052076490166327455,1.1291202937832023
2018-11-13,0.016174592932676007,1.1473833549071693
2018-11-14,-0.009376693779219153,1.1366246925408316
2018-11-15,0.021490682784316317,1.1610515332530476
2018-11-16,-0.03755551746818214,1.1174476421145032
2018-11-19,-0.04897083889098475,1.062725293663403
2018-11-20,-0.015560442553942039,1.0461888177807326
2018-11-21,-0.010860405370154091,1.0348267831259115
2018-11-23,-0.015082527478155278,1.0192189797342839
2018-11-26,0.04098284466843516,1.0609894728638551
2018-11-27,0.0006369990194962372,1.0616653221177654
2018-11-28,0.03208173213465809,1.095725384598603
2018-11-29,-0.012814609340702138,1.0816840918502812
2018-11-30,0.016703331024054885,1.0997518192999107
2018-12-03,0.027265850708719952,1.1297374882215854
2018-12-04,-0.037125871451444886,1.0877949994599927
2018-12-06,0.002968960100026341,1.0910246194103974
2018-12-07,-0.03929239350050359,1.048155650745787
2018-12-10,0.020465943099081507,1.069607144652931
2018-12-11,-0.004045666119638719,1.065279871266485
2018-12-12,0.0029136784407987892,1.0683837542608112
2018-12-13,0.010515232333600327,1.0796180576583079
2018-12-14,-0.027259811508523413,1.0501878729053442
2018-12-17,-0.02644891748087927,1.0224115405154506
2018-12-18,0.0035501681428064535,1.0260412733954263
2018-12-19,-0.02582548146237318,0.9995432635097229
2018-12-20,-0.030926200244817015,0.9686311883890634
2018-12-21,-0.024555247692205323,0.9448462096357747
2018-12-24,-0.04076821534345754,0.9063265158948938
2018-12-26,0.07250835321127158,0.9720427590341418
2018-12-27,-0.011342090992074533,0.9610177616129895
2018-12-28,0.016931895179924716,0.9772896136186664
2018-12-31,0.004273047101237604,0.9814656181692092
2019-01-02,-0.012766019319281396,0.9689362091264506
2019-01-03,-0.05707091980789736,0.9136381284364269
2019-01-04,0.05274080463269576,0.9618241384732743
2019-01-07,0.026587937529881894,0.9873970585817342
2019-01-08,0.0006455728682566442,0.988034495332951
2019-01-09,0.015107752206660996,1.0029614756600744
2019-01-10,0.008595047232520997,1.0115819769157717
2019-01-11,0.003471554040345909,1.0150937384148746
2019-01-14,-0.012136904003553994,1.0027736431571246
2019-01-15,0.01891921848419295,1.0217453368022043
2019-01-16,0.0033928055552589764,1.0252119200569667
2019-01-17,0.008987677307202735,1.0344261939659363
2019-01-18,-0.018557334392249186,1.0152300011804087
2019-01-22,-0.026085169876501196,0.9887475541358972
2019-01-23,-0.005154280866366573,0.9836512715359478
2019-01-24,0.014549022880153889,0.9979624363916167
2019-01-25,0.018968942082427942,1.016892728047968
2019-01-28,-0.04230586778357465,0.9738721987450922
2019-01-29,-0.018382980841446434,0.9559695247735439
2019-01-30,0.04594269071340906,0.9998893369816595
2019-01-31,0.0073736879485590545,1.007262208935654
2019-02-01,0.0021004960216956803,1.0093779591983278
2019-02-04,0.022532303523595254,1.0321215697450117
2019-02-05,0.015826508751525248,1.048456450801219
2019-02-06,-0.0008164754232975746,1.0476004118767421
2019-02-07,-0.023296877926152676,1.0231945929658623
2019-02-08,0.0011254948736343362,1.0243461932349758
2019-02-11,0.000421905066137096,1.02477837008338
2019-02-12,0.013283987224325555,1.0383915128593326
2019-02-13,-0.0013163059780058328,1.0370246719034455
2019-02-14,0.0002502000082796607,1.0372841354849418
2019-02-15,0.010459355974927864,1.048133459505124
2019-02-19,-0.0022985539347619988,1.0457242682176227
2019-02-20,0.0008381239632337389,1.046600714785751
2019-02-21,-0.009881908904732922,1.03625830186261
2019-02-22,0.014832364921087748,1.0516284631483428
2019-02-25,0.005876548186017516,1.0578084084858215
2019-02-26,-0.001397693023544866,1.0563299170530338
2019-02-27,0.011829935770047567,1.068826232123751
2019-02-28,-0.00028237197372452116,1.0685244255510176
2019-03-01,-0.012316229733121603,1.0553642332504793
2019-03-04,-0.00681245823747928,1.048174608486131
2019-03-05,-0.009843554513637942,1.0378568445876866
2019-03-06,-0.008737561478592032,1.028788506602124
2019-03-07,-0.010206654278276578,1.0182880179897718
2019-03-08,0.010001533406571061,1.0284724596192074
2019-03-11,0.03729995900651445,1.0668344402023329
2019-03-12,0.00020374343355883395,1.0670518007142185
2019-03-13,0.01736587510180221,1.0855820890125747
2019-03-14,-0.0006960799374413906,1.0848264370999674
2019-03-15,2.1984981308703633e-05,1.0848502869889103
2019-03-18,-0.0005252395743785554,1.0842804806859079
2019-03-19,0.006318062391675872,1.0911310324129577
2019-03-20,0.005774096486014485,1.0974313282729946
2019-03-21,0.029010463141129095,1.1292683193717785
2019-03-22,-0.02918020471899463,1.096316038629835
2019-03-25,-0.010843460329170052,1.0844281791567194
2019-03-26,0.009449432195375446,1.0946754097064153
2019-03-27,0.005899895280888134,1.1011338799902466
2019-03-28,0.005183966931046224,1.1068421216107707
2019-03-29,0.00815967067175305,1.115873588808739
2019-04-01,0.01609967480636354,1.1338387907135694
2019-04-02,0.0021259400452078303,1.1362492640035573
2019-04-03,0.016213123651456607,1.1546714138197236
2019-04-04,-0.021900210923129965,1.129383866310163
2019-04-05,0.013059084395185105,1.1441325855348679
2019-04-08,0.0035170072538718844,1.1481565081375853
2019-04-09,-0.006216880252691459,1.1410185566151456
2019-04-10,0.010505033277398712,1.1530049945225174
2019-04-11,-0.00943749732000515,1.1421235129767586
2019-04-12,-0.001479979054176822,1.14043319410027
2019-04-15,-0.0075600066667662336,1.1318115115498706
2019-04-16,0.010748756742353427,1.1439770781657155
2019-04-17,0.0037680517028054195,1.1482876429430682
2019-04-18,0.0047331061458019685,1.1537226102430305
2019-04-22,-0.005091546087352045,1.1478483784009579
2019-04-23,0.01101194226403751,1.1604884184717783
2019-04-24,-0.00555096413550743,1.1540465888811697
2019-04-25,-0.010221163217248252,1.1422508903359068
2019-04-26,-0.024167722081658377,1.1146452882707416
2019-04-29,0.008619191071646132,1.1242526289874573
2019-04-30,-0.0037652066832909725,1.1200195854750863
2019-05-01,0.0014309847945900012,1.121622316471544
2019-05-02,0.009655575441514186,1.1324522253651208
2019-05-03,0.01938485761255579,1.1544046505068455
2019-05-06,-0.009328178919425528,1.1436361573815008
2019-05-07,-0.02934569786606367,1.1100753562382772
2019-05-08,-0.0010471699926365985,1.108912918635659
2019-05-09,-0.010988093903776891,1.096728079354579
2019-05-10,-0.004770230943330844,1.091496433134022
2019-05-13,-0.05037728562835206,1.036509805559702
2019-05-14,0.018255586000931412,1.0554318994559058
2019-05-15,0.0023325280119425307,1.0578937239260844
2019-05-16,0.0017269935208729104,1.0597206995330768
2019-05-17,-0.027741801654765086,1.0303221380771814
2019-05-20,-0.025780208151412937,1.003760218894543
2019-05-21,0.011251754710387807,1.0150542826655895
2019-05-22,-0.02326720950526842,0.9914368020115893
2019-05-23,-0.011620774642016135,0.9799155383636114
2019-05-24,-0.01073882811343696,0.9693923938314386
2019-05-28,-0.006857926134680836,0.9627443723990211
2019-05-29,-0.007288193563621176,0.95572770506069
2019-05-30,-0.0011903705220711047,0.9545900349734592
2019-05-31,-0.01922903391588987,0.9362341908151841
2019-06-03,-0.021747641193128553,0.9158733055605964
2019-06-04,0.05373798993540879,0.9650904960369212
2019-06-05,0.010309755057541087,0.9750403426594226
2019-06-06,0.023950863118337273,0.9983934004413152
2019-06-07,0.014886997808768676,1.013256480805974
2019-06-10,0.020756766955073946,1.034288409443782
2019-06-11,0.01081560365106543,1.045474862941217
2019-06-12,-0.018523832062841333,1.0261086621541717
2019-06-13,0.010604409568596207,1.036989938669539
2019-06-14,-0.006493640030803355,1.030256099292254
2019-06-17,0.014680970353748657,1.0453812585427324
2019-06-18,0.023436025288238682,1.0698808401537907
2019-06-19,0.0025219892680333755,1.0725790681507332
2019-06-20,-0.001588422051420818,1.0708753599069902
2019-06-21,-0.002062079346765,1.0686671299443666
2019-06-24,0.004715235313084876,1.0737061469334133
2019-06-25,-0.01795222912411762,1.0544307281716911
2019-06-26,0.018626583685679238,1.0740711703707329
2019-06-27,0.010638038464599625,1.0854971807948544
2019-06-28,-0.0004049487665687135,1.0850576100503777
2019-07-01,0.014898899268676657,1.1012237740832294
2019-07-02,-0.0056890417898449175,1.0949588660124991
2019-07-03,0.01600690817575029,1.112485772036985
2019-07-05,-0.006734356034311495,1.104993896764982
2019-07-08,-0.013007882054223319,1.0906202664852265
2019-07-09,0.0004672625471690839,1.0911298724889387
2019-07-10,0.019016949164240238,1.1118798338056448
2019-07-11,0.00855708651792697,1.121394285741058
2019-07-12,0.011613153778212149,1.134417210027377
2019-07-15,0.010430668556927702,1.1462499399504473
2019-07-16,-0.005529172567870694,1.13991212622655
2019-07-17,0.003508746439265825,1.1439117888405232
2019-07-18,0.0025125031454212854,1.1467858708080694
2019-07-19,-0.001346217744738254,1.1452420473193723
2019-07-22,0.010879521897527195,1.1577017332511523
2019-07-23,0.014230903257763605,1.1741768746183947
2019-07-24,0.011158518901296127,1.1872789494672888
2019-07-25,-0.04434100707738009,1.1346338051661353
2019-07-26,0.004504948807951159,1.1397452723741797
2019-07-29,0.009903706730927803,1.151032975299735
2019-07-30,0.005504154870464767,1.1573684390567966
2019-07-31,-0.0124269155695714,1.142985919181751
2019-08-01,-0.01578595786902723,1.1249427916166566
2019-08-02,-0.012520383813190067,1.1108580760977345
2019-08-05,-0.044204009182758575,1.0617536955011686
2019-08-06,0.014669176726932298,1.0773287481009486
2019-08-07,0.009103827094844974,1.0871365627479654
2019-08-08,0.02451125898762907,1.1137836485924018
2019-08-09,-0.014080811664466647,1.0981006708016097
2019-08-12,-0.014929273626150846,1.0817068254181528
2019-08-13,0.029892862303593448,1.1140421386032349
2019-08-14,-0.04091188071642876,1.068464579515624
2019-08-15,-0.00850137318440336,1.059381163390845
2019-08-16,0.0335977543142531,1.0949739914435983
2019-08-19,0.034259412798221256,1.1324871574197806
2019-08-20,-0.007394208387679374,1.124113311381448
2019-08-21,0.004932588467386145,1.1296580997372034
2019-08-22,-0.00017160426262738393,1.129464245591977
2019-08-23,-0.044797833796113046,1.0788666940392955
2019-08-26,0.017500568645530734,1.097747474677707
2019-08-27,-0.008870664309204995,1.0880097253335634
2019-08-28,0.0024597105888989057,1.0906859143757912
2019-08-29,0.02501398404991606,1.1179683144414554
2019-08-30,0.004367448450966149,1.1228509834245919
2019-09-03,-0.012590989864194047,1.1087131780732926
2019-09-04,0.009342453046452731,1.1190712788814259
2019-09-05,0.03563187717266242,1.1589458892379831
2019-09-06,-0.0055548945476619205,1.15250806703682
2019-09-09,0.005586364708186603,1.1589463974284149
2019-09-10,0.008091899532843588,1.1683244752403568
2019-09-11,0.021861416134234146,1.193865702773397
2019-09-12,0.0006863637106942766,1.1946851288672231
2019-09-13,-0.009069363698214233,1.1838500949286783
2019-09-16,-0.0053020672614816355,1.177573242097855
2019-09-17,0.006084944099123635,1.1847387094486443
2019-09-18,0.001568517867554825,1.1865969932827984
2019-09-19,0.001541409053656656,1.1884260246312863
2019-09-20,-0.018610497874850113,1.1663088246254691
2019-09-23,0.004345169343029892,1.171376633974737
2019-09-24,-0.026329148858813378,1.1405352842090803
2019-09-25,0.021858939508624053,1.165466175994058
2019-09-26,0.012935806123012344,1.1805424204896457
2019-09-27,-0.012768530078674206,1.165468629084473
2019-09-30,0.010304551791424976,1.177478260934155
2019-10-01,0.0010321447335421285,1.1786935889200385
2019-10-02,-0.013653908247514862,1.1625998148049903
2019-10-03,0.006712563720301518,1.1704038401430796
2019-10-04,0.009576930655965293,1.1816127165596053
2019-10-07,0.00828197855507462,1.1913988077385553
2019-10-08,-0.012751612072829793,1.1762065523182412
2019-10-09,0.01724061922687037,1.19648508161891
2019-10-10,0.008348957332211249,1.2064744845139737
2019-10-11,0.014952769710180447,1.22451461964212
2019-10-14,0.009280584511038775,1.2358788310547113
2019-10-15,0.017128884220297874,1.2570480564621647
2019-10-16,-0.004004559156316645,1.252014133157729
2019-10-17,0.0019284496121212136,1.2544285793271874
2019-10-18,-0.012559921017635756,1.238673055448573
2019-10-21,0.010079049315894067,1.2511577022607083
2019-10-22,-0.0027508552888020066,1.2477159484783191
2019-10-23,0.003404672280386878,1.2519640123818998
2019-10-24,0.051770924188190626,1.3167793463532662
2019-10-25,0.03797714450111139,1.3667868658658033
2019-10-28,0.011080972020032609,1.3819321928838104
2019-10-29,-0.02158400673514893,1.352104559125087
2019-10-30,0.002226498376323549,1.3551150177305988
2019-10-31,0.000998915475976192,1.3564686630935376
2019-11-01,0.008380003364293315,1.36783587505382
2019-11-04,0.016166020598254838,1.389948337984972
2019-11-05,-0.001768622366288053,1.3874900442664269
2019-11-06,0.00442960689546637,1.3936360797339002
2019-11-07,0.010946229035577293,1.4088911394549115
2019-11-08,0.0041504003800608424,1.4147386017755694
2019-11-11,0.008613199321198195,1.4269240273400556
2019-11-12,0.006637340132237657,1.4363950074523741
2019-11-13,-0.0011661973781676993,1.43471988736067
2019-11-14,0.003345569287770661,1.4395198421523776
2019-11-15,0.001539589031540084,1.44173611111204
2019-11-18,0.010234822999475729,1.456492025021224
2019-11-19,0.0010799378233247725,1.4580649458484154
2019-11-20,-0.004585839592992441,1.4513784938905894
2019-11-21,-0.0006860865718179843,1.4503827225953057
2019-11-22,-0.014543454665670308,1.4292891472213693
2019-11-25,0.0218354387672422,1.4604983028762053
2019-11-26,-0.010902883058070328,1.444574660673436
2019-11-27,0.00725028168523234,1.4550482338786674
2019-11-29,-0.00483044580040265,1.4480197022479449
2019-12-02,-0.010816649579281107,1.432356980544834
2019-12-03,-0.005765403330197927,1.4240988648391686
2019-12-04,0.002872320176868587,1.4281893327425017
2019-12-05,0.0009926148381753375,1.4296069746659057
2019-12-06,0.01614894566496411,1.4526936200220393
2019-12-09,-0.0014332494013805652,1.4506115477607533
2019-12-10,0.010068894256636818,1.4652176020426124
2019-12-11,0.009767150966146332,1.4795286035600175
2019-12-12,0.01586397885520191,1.50299981404256
2019-12-13,0.004516818386920918,1.5097885912381661
2019-12-16,0.023312709289618483,1.544985853754484
2019-12-17,0.0009827725409391475,1.5465042234276936
2019-12-18,0.009562303522133636,1.5612923662103708
2019-12-19,0.015826304090833576,1.5860018539727132
2019-12-20,0.007322120931170045,1.5976147513445613
2019-12-23,0.011906489060494518,1.61663673390433
2019-12-24,0.003576614796413524,1.6224188207672379
2019-12-26,0.010951560143054762,1.6401868380600944
2019-12-27,-0.002387543321489577,1.6362708209288888
2019-12-30,-0.014581394448480722,1.6124117106643852
2019-12-31,0.007396237848507625,1.6243374911861779
2020-01-02,0.022360733600584826,1.6606588691040345
2020-01-03,-0.0021365934898776306,1.6571107161753993
2020-01-06,0.008500340085022151,1.6711967208214247
2020-01-07,0.009271565842928209,1.686691331255006
2020-01-08,0.020773777458087506,1.7217302816109827
2020-01-09,0.0056929061027573835,1.731531930438468
2020-01-10,-0.0009112485921962676,1.729954074404513
2020-01-13,0.04060756507728863,1.8002032970616149
2020-01-14,-0.003578996012517266,1.793760376639711
2020-01-15,-0.010206595326710144,1.7754521903622624
2020-01-16,0.008717375676807193,1.7909294741018607
2020-01-17,0.0030628152194353275,1.7964147601520752
2020-01-21,0.014036754425666376,1.8216305929869723
2020-01-22,0.012094910915179696,1.843663052729516
2020-01-23,0.006650386831097976,1.85592412521637
2020-01-24,-0.008817187662942011,1.8395600939161558
2020-01-27,-0.0248021597385224,1.793935030618236
2020-01-28,0.024036530709263426,1.8370550050721146
2020-01-29,0.012895233353776375,1.8607442580462423
2020-01-30,0.032705041052264655,1.9215999753934105
2020-01-31,-0.020506623767036603,1.8821944476672712
2020-02-03,0.05926908945478951,1.993750398757371
2020-02-04,0.05787028551831924,2.109129303585723
2020-02-05,-0.03753424191833665,2.0299647340678835
2020-02-06,0.016439408838639147,2.0633361542592445
2020-02-07,-0.005956738166001563,2.0510454010398775
2020-02-10,0.026791303568156732,2.1059955810112085
2020-02-11,-0.0014700004897184038,2.1028997664757774
2020-02-12,0.00835339445434477,2.1204661177230992
2020-02-13,0.007212718321613076,2.1357604425407604
2020-02-14,0.018610039406462303,2.1755070285392075
2020-02-18,0.022047126178599136,2.2234707064998407
2020-02-19,0.03684247924528694,2.3053888798565647
2020-02-20,-0.01605677416912102,2.268371771240705
2020-02-21,-0.024968033002950335,2.2117349899934062
2020-02-24,-0.05897705332986422,2.081293377537038
2020-02-25,-0.03302519162942863,2.0125582649068168
2020-02-26,0.005834376898249061,2.0243002883539694
2020-02-27,-0.07990970665504046,1.8625390461298899
2020-02-28,0.0191435472197872,1.8981946503081748
2020-03-02,0.07410235528850129,2.038855344692043
2020-03-03,-0.028816485852592583,1.9801026984962422
2020-03-04,0.03962006149645381,2.058554489179958
2020-03-05,-0.03256764251484798,1.9915122224790094
2020-03-06,-0.024285715615423503,1.9431469229992442
2020-03-09,-0.09000535518740871,1.7682532940133768
2020-03-10,0.0663813483063651,1.8856323318171562
2020-03-11,-0.03829815830437988,1.8134160862693658
2020-03-12,-0.10803322287877459,1.6175069020494723
2020-03-13,0.08763217477507484,1.7592525495897615
2020-03-16,-0.16158411437241824,1.4749852844068811
2020-03-17,0.04978968550482385,1.548424337841743
2020-03-18,-0.0733568682175201,1.4348367777458855
2020-03-19,0.06067828719334359,1.521900215821522
2020-03-20,-0.03380080668472793,1.470458760833093
2020-03-23,0.0045807791209307724,1.4771946076229068
2020-03-24,0.13140073127509172,1.671299059300179
2020-03-25,0.009613402271402144,1.6873659294730476
2020-03-26,0.03547932845360116,1.747232539506238
2020-03-27,-0.03153081074446587,1.6921408809764944
2020-03-30,0.03149624256096842,1.745436960611061
2020-03-31,0.004573451234733267,1.7534196314337167
2020-04-01,-0.06175024912777424,1.6451455323671547
2020-04-02,0.008038795194456605,1.6583705203669292
2020-04-03,-0.003158645793824383,1.6531323152981698
2020-04-06,0.08437224246897723,1.7926107958378088
2020-04-07,-0.00017024643909838155,1.792305610233128
2020-04-08,0.018104147440284823,1.824753775258838
2020-04-09,0.009078102517306008,1.8413190770994787
2020-04-13,0.046036823954918926,1.9260875592967412
2020-04-14,0.06069564769387731,2.0429926912233762
2020-04-15,-0.0006172706991397214,2.041731611696527
2020-04-16,0.02709803402747929,2.0970585243852597
2020-04-17,-0.00029634262384456433,2.0964370765597877
2020-04-20,-0.017148482294412126,2.060486362471053
2020-04-21,-0.05331990626304817,1.9506214227678076
2020-04-22,0.04765175532837396,2.043571957543824
2020-04-23,-0.014906499315440275,2.013109453557644
2020-04-24,0.023609753279731804,2.0606384710812358
2020-04-27,0.031300782363739926,2.125138067394899
2020-04-28,-0.024229985232553902,2.073646003404783
2020-04-29,0.035725042335895796,2.14772709466608
2020-04-30,-0.003212810500733382,2.140826854503627
2020-05-01,-0.044381695919295555,2.045813328031185
2020-05-04,0.038517568715083994,2.124613083471861
2020-05-05,0.01084448069329269,2.147653409036289
2020-05-06,0.013164609200045974,2.175926426863398
2020-05-07,0.009170227917934842,2.195880168130393
2020-05-08,0.02629900318835726,2.2536296276733045
2020-05-11,0.012338093701043551,2.281435121186986
2020-05-12,-0.017251480446581507,2.242076987803684
2020-05-13,-0.013218610779344664,2.2124398447645817
2020-05-14,0.014579984545742553,2.2446971835096345
2020-05-15,0.015197615270088366,2.278811227702465
2020-05-18,0.020442941514709656,2.32539683235345
2020-05-19,-0.0033233684957867937,2.3176686817806043
2020-05-20,0.015336070673881153,2.353212612483033
2020-05-21,-0.006603863712619201,2.337672317103378
2020-05-22,0.005631345918251263,2.3508365585645072
2020-05-26,-0.012271957422467256,2.3219871924106243
2020-05-27,-0.0036853209190448877,2.3134299244366794
2020-05-28,-0.005970574749497831,2.2996174181451052
2020-05-29,0.022806111512455624,2.3520627494193076
2020-06-01,0.01944316210850988,2.3977942867456545
2020-06-02,-6.32954638955796e-05,2.397642517243949
2020-06-03,0.0008024851116942289,2.399566589667202
2020-06-04,-0.010676206429347301,2.3739483214149497
2020-06-05,0.023501924346004288,2.4297406752661677
2020-06-08,0.017943314630631035,2.4733382766733105
2020-06-09,0.014213991123505937,2.5084942849833727
2020-06-10,0.04699466335626756,2.6263801294372873
2020-06-11,-0.053387443036140625,2.4861644098857023
2020-06-12,-0.00164838018375435,2.4820662657388914
2020-06-15,0.026308957979188308,2.5473668428257765
2020-06-16,0.007670855605694776,2.566907326051828
2020-06-17,0.007593960658200394,2.586400319299112
2020-06-18,0.005357248386643004,2.60025630823689
2020-06-19,-0.0025076557648156528,2.5937357605155418
2020-06-22,0.01900781081445535,2.6430369991541087
2020-06-23,0.006868093461457753,2.66118962428639
2020-06-24,-0.02534141983983565,2.593751300743934
2020-06-25,0.019905724911329303,2.645381800624945
2020-06-26,-0.028163838787151785,2.5708776940616787
2020-06-29,0.022600113727732796,2.628979822327564
2020-06-30,0.03401712652424621,2.718410161573371
2020-07-01,0.0110570292302212,2.7484677021896182
2020-07-02,0.02394219394820779,2.8142720489758273
2020-07-06,0.05167155848830074,2.959689871756472
2020-07-07,0.0004749556783487374,2.961095593267214
2020-07-08,0.015725541518487318,3.0076604249593473
2020-07-09,0.015193368585901479,3.0533569183769833
2020-07-10,0.02593338520133151,3.132540799498404
2020-07-13,-0.026764635284280414,3.0486994874867013
2020-07-14,0.01705549613935675,3.1006965698255895
2020-07-15,0.0025540478581297377,3.108615897258463
2020-07-16,-0.017625025337498185,3.0538264633047327
2020-07-17,-0.00010014028663590802,3.0535206522473612
2020-07-20,0.04727232585151536,3.19786767551473
2020-07-21,-0.022509785212239813,3.125884361001729
2020-07-22,0.010784613993424674,3.1595958172232157
2020-07-23,-0.042097117491107505,3.026585940881158
2020-07-24,-0.01642516553943965,2.9768737657828446
2020-07-27,0.03628897107671997,3.084901451768385
2020-07-28,-0.021540787665831146,3.0184502446258277
2020-07-29,0.017264805428816643,3.0705632007958568
2020-07-30,0.0044384643365354415,3.084191786055667
2020-07-31,0.018016363691469223,3.1397577069674876
2020-08-03,0.039151911948848594,3.2626852242513973
2020-08-04,0.003192737121695405,3.2731021204832715
2020-08-05,0.0014767633753781373,3.2779357178186737
2020-08-06,0.014573240887001015,3.3257058646465496
2020-08-07,-0.019343247527498525,3.261375912903038
2020-08-10,-0.007988651802956465,3.2353219163363063
2020-08-11,-0.028120438936931003,3.1443432439466568
2020-08-12,0.061859630421291,3.3388511549348805
2020-08-13,0.01454995708447035,3.387431295950617
2020-08-14,0.007242424917613344,3.411964512775113
2020-08-17,0.04571779752811139,3.5679520155432667
2020-08-18,0.008983681551390454,3.600005360241549
2020-08-19,-0.004829731450881336,3.5826183011298487
2020-08-20,0.027825858594997033,3.6823077313769366
2020-08-21,0.028249632519876583,3.786331571613436
2020-08-24,0.0001373131097251734,3.786851484575984
2020-08-25,0.002920533729280611,3.7979111120644644
2020-08-26,0.02529717171122442,3.8939875216103266
2020-08-27,0.010253199206027075,3.933913351375181
2020-08-28,0.009619534074954195,3.971755764906652
2020-08-31,0.04052047322135205,4.132693188020302
2020-09-01,0.008636092023715403,4.168383506697827
2020-09-02,-0.005423079755052823,4.145778030491358
2020-09-03,-0.08125529391305006,3.8089116181255167
2020-09-04,-0.003938842957750155,3.7939089134217703
2020-09-08,-0.09705706745907647,3.425683240078202
2020-09-09,0.06475636570152588,3.6475180367502946
2020-09-10,-0.019641139819622594,3.575876624995887
2020-09-11,-0.006974291715178299,3.5509374182756788
2020-09-14,0.055194233739823795,3.7469286881354726
2020-09-15,0.02475466091105616,3.8396826372681754
2020-09-16,-0.025461446055244363,3.741918764930113
2020-09-17,-0.01799208397499724,3.6745938482838727
2020-09-18,-0.0054833430036990705,3.6544447898144496
2020-09-21,0.021084581910138345,3.731497230321371
2020-09-22,-0.0016376837014010492,3.7253862181254505
2020-09-23,-0.05473932289110284,3.521461099037417
2020-09-24,0.01531543954255421,3.5753938236011806
2020-09-25,0.03832358039559791,3.712415716245885
2020-09-28,0.019553841172318787,3.7850077035269774
2020-09-29,-0.0020999450787587415,3.777059395226892
2020-09-30,0.01916229055890928,3.849436504816488
2020-10-01,0.017358802050296995,3.916258111108785
2020-10-02,-0.044036458654573396,3.743799972718305
2020-10-05,0.030261694230859115,3.8570937027542054
2020-10-06,-0.017627939694157185,3.7891010875673405
2020-10-07,0.019977519070915495,3.864797926805844
2020-10-08,-0.0012232592498767625,3.8600702769929742
2020-10-09,0.013927729256138,3.9138322907205976
2020-10-12,0.03555178099585066,4.052975999174785
2020-10-13,-0.0021335073733551313,4.044328944996514
2020-10-14,0.0034576182163146563,4.058312690429503
2020-10-15,-0.01130091429569463,4.012450046529829
2020-10-16,-0.01146606673783604,3.966443026514085
2020-10-19,-0.02328241604352932,3.8740946497578284
2020-10-20,0.0013776727509659803,3.879431884391463
2020-10-21,-0.002984391883642995,3.867854139362539
2020-10-22,-0.003454596254907627,3.8544922649381683
2020-10-23,0.0012852412637451849,3.8594462174478537
2020-10-26,-0.01555632229603654,3.799407428205016
2020-10-27,0.014618358685226707,3.8549485287818315
2020-10-28,-0.049318857826008394,3.66482687036426
2020-10-29,0.022600685903033435,3.7476544713503595
2020-10-30,-0.040026036004450205,3.5976507185478512
2020-11-02,0.00858685116400415,3.628543209808094
2020-11-03,0.03222316455220853,3.745466354742539
2020-11-04,0.035425936325444024,3.8781530073347414
2020-11-05,0.03363463881017881,4.008593282987054
2020-11-06,0.0026497101026399517,4.019214893106359
2020-11-09,-0.031988752760443856,3.8906452215996863
2020-11-10,-0.03145587146488499,3.768261585593578
2020-11-11,0.03096217583809402,3.8849351634106615
2020-11-12,-0.004363730376898051,3.867982353825807
2020-11-13,-0.003600675286502597,3.8540550053557583
2020-11-16,0.006864007982721881,3.880509269678369
2020-11-17,0.01373537111637732,3.9338095046179435
2020-11-18,0.019469225999229595,4.010397730901268
2020-11-19,0.009581599715336286,4.048823756658057
2020-11-20,-0.016522424368690503,3.9819273723565165
2020-11-23,0.00969189774258869,4.020519805267811
2020-11-24,0.019956045551707352,4.100753481643277
2020-11-25,0.015604425827580481,4.164743385184773
2020-11-27,0.008418868464708296,4.199805811933907
2020-11-30,-0.0011791360151269803,4.194853669644516
2020-12-01,0.017549654698816558,4.268471903058841
2020-12-02,-0.004168016820184028,4.250680840370409
2020-12-03,0.006530269976444236,4.278438933841726
2020-12-04,0.004149439993608145,4.296192059464019
2020-12-07,0.02170868772162446,4.389456751275046
2020-12-08,0.0017251687267646199,4.397029304789831
2020-12-09,-0.03541420553608707,4.241312005241805
2020-12-10,0.011631423548036396,4.2906445015741435
2020-12-11,-0.004449150873714058,4.271554776841168
2020-12-14,0.017721873544435468,4.347254730434477
2020-12-15,0.010842010988859119,4.3943877139932175
2020-12-16,-0.00046952447347711757,4.392324441415551
2020-12-17,0.017064130608483052,4.467275639358698
2020-12-18,0.008697240913850962,4.506128611822779
2020-12-21,-0.00742898343533302,4.472652657008067
2020-12-22,0.003957512808125951,4.4903532371844745
2020-12-23,-0.007866529462550564,4.4550297411469035
2020-12-24,0.009697961901610652,4.4982344498470885
2020-12-28,0.010343372472370688,4.544761364229907
2020-12-29,-0.0025244155692790426,4.533288497883387
2020-12-30,0.009831994248871212,4.57785976432305
2020-12-31,0.0011016427600211154,4.5829029303888085
2021-01-04,-0.0018381392082263415,4.574478916824965
2021-01-05,0.010713792595826943,4.623488935173811
2021-01-06,-0.022538230187532177,4.519283677283356
2021-01-07,0.04996415556343359,4.745085869970428
2021-01-08,0.022021922463969335,4.849581783083793
2021-01-11,-0.021298747597578854,4.746291764732075
2021-01-12,0.005986857954522029,4.774707139338244
2021-01-13,0.008030853606350419,4.813052113387466
2021-01-14,-0.016496237148870607,4.733654864315154
2021-01-15,-0.015894307078926695,4.658416700296074
2021-01-19,0.014599657971020474,4.7264279908068865
2021-01-20,0.02562082343999522,4.8475229678612015
2021-01-21,0.017646545442881717,4.933065002198977
2021-01-22,0.0028013634367640705,4.946884310127317
2021-01-25,0.019888770717741366,5.0452717579386315
2021-01-26,0.0001278594392070398,5.045916843556249
2021-01-27,-0.016296177783216126,4.963687685594332
2021-01-28,-0.008006317756446335,4.923946824739704
2021-01-29,-0.030359867207207764,4.7744564530052545
2021-02-01,0.031757104972278793,4.926079367768915
2021-02-02,0.01729481117402612,5.011274980262745
2021-02-03,-0.003970406062225956,4.991378183701628
2021-02-04,0.006517443715890803,5.023909210078629
2021-02-05,-0.001259632310010833,5.017580931715053
2021-02-08,0.019429508593715505,5.115070063547474
2021-02-09,-0.007383765588234614,5.077301585230844
2021-02-10,-0.006470485958497307,5.044448976616551
2021-02-11,0.011601900660767078,5.102974172531565
2021-02-12,-0.002416665554042935,5.090641990625636
2021-02-16,-0.005272449584552141,5.063801837377058
2021-02-17,-0.009633604860822653,5.01501917138226
2021-02-18,-0.0072435784938563175,4.978692486366159
2021-02-19,-0.002870238233725314,4.964402452837829
2021-02-22,-0.0450858070794139,4.740578361584614
2021-02-23,-0.0108013418490511,4.6893737541389235
2021-02-24,0.0221167835709086,4.793087618542313
2021-02-25,-0.055314157737493375,4.527962013960638
2021-02-26,0.009442367910438287,4.570716697180943
2021-03-01,0.036576460989837134,4.7378973381509795
2021-03-02,-0.027460225302757907,4.607793609784016
2021-03-03,-0.03618207526565967,4.441074074586186
2021-03-04,-0.02550359221264001,4.3278107324018125
2021-03-05,0.0004487282327208242,4.329752743263313
2021-03-08,-0.04699384303961704,4.1262810224460456
2021-03-09,0.08637402008457129,4.4826845023533854
2021-03-10,-0.0068330664990038925,4.45205402105475
2021-03-11,0.03152653179512532,4.592411843703148
2021-03-12,-0.008104457690802258,4.555192836217116
2021-03-15,0.016757513042036765,4.631526539579017
2021-03-16,-0.002799803547851698,4.6185591751415345
2021-03-17,0.007830856008329279,4.6547264470080165
2021-03-18,-0.04406667601127834,4.449608124746585
2021-03-19,0.0015553678456945441,4.456528902149757
2021-03-22,0.02560775252758485,4.570650591408038
2021-03-23,-0.00515303817046639,4.547097854446648
2021-03-24,-0.02745067995641104,4.422276926513749
2021-03-25,-0.0003882578518465407,4.42055994277399
2021-03-26,0.0033392400745494155,4.4353212536868485
2021-03-29,-0.001815384213389365,4.427269441501595
2021-03-30,0.0018019718773354676,4.435247256528568
2021-03-31,0.03088113834869899,4.572212740668115
2021-04-01,0.015084573070908353,4.641182617850461
2021-04-05,0.02707675861891712,4.766850799300312
2021-04-06,-0.002644834015429226,4.754243270159846
2021-04-07,0.003026926524363177,4.768634015217568
2021-04-08,0.016006952717691536,4.844965314427132
2021-04-09,0.0066000378317229436,4.8769422687957364
2021-04-12,0.0200123679023316,4.9745414317173084
2021-04-13,0.03782021367085048,5.162679651579356
2021-04-14,-0.023553567682482734,5.041080126982905
2021-04-15,0.024839359751125722,5.166297329791284
2021-04-16,-0.002604662928622853,5.152840866658134
2021-04-19,-0.01780243566101425,5.061107748658007
2021-04-20,-0.0052462251878944155,5.0345560377083505
2021-04-21,0.014834741363752124,5.109242374409071
2021-04-22,-0.022705062608730148,4.993236706414936
2021-04-23,0.018737999278026884,5.086799972214756
2021-04-26,0.0076279000393523755,5.1256015739229905
2021-04-27,-0.013097228490679569,5.058470398957134
2021-04-28,-0.013952865605097037,4.987890241313123
2021-04-29,-0.0076793584947104365,4.949586444017812
2021-04-30,0.002726456957753448,4.963081278416106
2021-05-03,-0.009788307863295237,4.914501110912412
2021-05-04,-0.025191758815135468,4.790696184229591
2021-05-05,3.817859464777529e-05,4.79087908627729
2021-05-06,0.004865200374141121,4.814187673000311
2021-05-07,0.012370925142778488,4.873743628326285
2021-05-10,-0.037014506347427006,4.693344413859871
2021-05-11,-0.006809209201945082,4.661386449889118
2021-05-12,-0.034209156795854345,4.501924349938791
2021-05-13,-0.0007124161885790348,4.498717106152136
2021-05-14,0.028690955217721914,4.6277895971819465
2021-05-17,-0.012139806241438483,4.5716091281460125
2021-05-18,-0.007144832075159202,4.538945748612144
2021-05-19,-0.00504403383763799,4.5160511526689415
2021-05-20,0.028772511790478295,4.645989287705511
2021-05-21,-0.001045744801693227,4.6411307685591705
2021-05-24,0.030392872403386784,4.782188063815422
2021-05-25,0.0003946969740825923,4.784075578973704
2021-05-26,0.006477877753585992,4.815066235738213
2021-05-27,-0.003904623033705229,4.796265217205333
2021-05-28,0.009014007665874013,4.839498788640786
2021-06-01,-0.0031651008713985407,4.824181286807727
2021-06-02,0.0018395951020266366,4.833055827074228
2021-06-03,-0.015128647230818582,4.75993823041957
2021-06-04,0.03032722215019623,4.904293934554716
2021-06-07,0.006147391316919104,4.934442548503617
2021-06-08,-0.002488315027598137,4.922164100957356
2021-06-09,-0.0015706371264773422,4.914433167277778
2021-06-10,0.007288548682138213,4.9502522526625965
2021-06-11,0.00873806854048928,4.993507896139073
2021-06-14,0.013994408617133303,5.063389086070525
2021-06-15,-0.013694594989353659,4.994048023263275
2021-06-16,0.002639183096328601,5.007228230388525
2021-06-17,0.023306693696517777,5.123930165022747
2021-06-18,-0.001458968671894073,5.1164545114350055
2021-06-21,0.0027782373587399156,5.130669236502968
2021-06-22,0.013309724148120483,5.1989570287360705
2021-06-23,0.01467958550930687,5.275275562998614
2021-06-24,0.011593807729598588,5.336436093596669
2021-06-25,-0.007322828236324047,5.297358288689141
2021-06-28,0.025428895814098185,5.432064260702167
2021-06-29,0.0030011388263040117,5.448366639661939
2021-06-30,2.827660193299719e-06,5.448382045791404
2021-07-01,0.003175472314433575,5.465683232136271
2021-07-02,0.014230918325261244,5.543464923804552
2021-07-06,-0.0008451046364060799,5.53878011589569
2021-07-07,-0.0030726654284276567,5.521761297717915
2021-07-08,-0.007132528051159298,5.482377180370136
2021-07-09,0.007170566825844715,5.521688932306467
2021-07-12,0.015095795548739771,5.6050432195123046
2021-07-13,-0.004184019277072931,5.581591610633038
2021-07-14,-0.0033257427380416205,5.563028672867261
2021-07-15,-0.014524574451631411,5.48222804873164
2021-07-16,-0.016833960310385587,5.38994043934681
2021-07-19,-0.0007651973119009725,5.385816071411315
2021-07-20,0.011869699114573973,5.449744087665404
2021-07-21,0.009325523463187685,5.500565804023296
2021-07-22,0.006687724764157382,5.53735207416774
2021-07-23,0.0033579682956688117,5.555946326874751
2021-07-26,0.0023471563997139455,5.568987001852342
2021-07-27,-0.011891503321261737,5.502763374423751
2021-07-28,0.001364258341355229,5.510270565257812
2021-07-29,0.015156246770358706,5.593785585716304
2021-07-30,0.0005530678180292736,5.59687932850472
2021-08-02,0.010730913412638543,5.65693895595989
2021-08-03,0.006027360700421425,5.691035367507727
2021-08-04,0.004979951716882591,5.719376448856987
2021-08-05,0.008594428252107988,5.768531219393484
2021-08-06,-0.009959443581029931,5.7110798581685245
2021-08-09,0.0033094027260739123,5.729980121419973
2021-08-10,-0.008219913133701545,5.682880182564064
2021-08-11,-0.002844460424497902,5.666715454787597
2021-08-12,0.015395885529417175,5.753959557257286
2021-08-13,0.004770911203975076,5.781411187376224
2021-08-16,-0.008872610170143208,5.730114979677331
2021-08-17,-0.01644824204240114,5.6358646615608095
2021-08-18,-0.0045330085183310775,5.610317239041794
2021-08-19,0.010095808478788187,5.666957927392403
2021-08-20,0.024308457723867305,5.804712934593356
2021-08-23,0.026087739666699805,5.956144774470952
2021-08-24,-0.002919664509554082,5.938754829959164
2021-08-25,0.003165151126154342,5.957551886497163
2021-08-26,-0.00896014724750055,5.904171344359525
2021-08-27,0.012593990098037966,5.978528419807509
2021-08-30,0.018075151987755056,6.086591229658643
2021-08-31,-0.0051643220374474885,6.055158112438382
2021-09-01,0.0011497503732848247,6.062120032738457
2021-09-02,0.00022512439582464405,6.063484763848243
2021-09-03,0.00644203658663009,6.102545954539427
2021-09-07,0.007688688347244149,6.149466528508617
2021-09-08,-0.0057435751421251735,6.114146605418144
2021-09-09,-0.005625954206541023,6.079748696603984
2021-09-10,-0.01233424639309083,6.004759578171997
2021-09-13,0.0007149496043628856,6.009052678656706
2021-09-14,0.0014835350005630854,6.01796731862572
2021-09-15,0.010651209455493305,6.0820659490327165
2021-09-16,-0.0007986191256661168,6.077208694842256
2021-09-17,-0.011987634966778016,6.004357335391558
2021-09-20,-0.02861917466376948,5.832517584066301
2021-09-21,0.006010121370228605,5.867571722640532
2021-09-22,0.019848385860942952,5.984033550258259
2021-09-23,0.009229763998281904,6.039264767684943
2021-09-24,0.00240203014126944,6.05377126368803
2021-09-27,-0.0062514996805621,6.015926114566889
2021-09-28,-0.03045260076817699,5.832725518349133
2021-09-29,0.0010514896261737683,5.838858568723996
2021-09-30,-0.003599652293738098,5.817840708084277
2021-10-01,0.008628899019303582,5.8680422680647295
2021-10-04,-0.0214697482258695,5.74205687799062
2021-10-05,0.017337799859383163,5.841611510922415
2021-10-06,0.00907844950621961,5.8946442860592745
2021-10-07,0.011752654150860742,5.963922001695677
2021-10-08,-0.006132740210215926,5.927346817425286
2021-10-11,-0.0002624065315970092,5.925791442905353
2021-10-12,0.0006372427250357637,5.929567610392424
2021-10-13,0.006772185885694754,5.969723744471797
2021-10-14,0.02235659850390226,6.103186461406165
2021-10-15,0.011966521418772025,6.1762203729193415
2021-10-18,0.017629880352079852,6.285106399121987
2021-10-19,0.003621879397508382,6.307870296500115
2021-10-20,-0.0014796714896019025,6.298536720662278
2021-10-21,0.017897671180960695,6.411265859809897
2021-10-22,0.0021508487338690874,6.425055522866967
2021-10-25,0.03557733321254283,6.653641864113094
2021-10-26,0.017919586289358802,6.772872373635559
2021-10-27,0.011820811396558828,6.852933220577269
2021-10-28,0.02160841608114178,7.001014252983782
2021-10-29,0.015918466084780813,7.112459660928971
2021-11-01,0.02067182052514488,7.259487150532028
2021-11-02,0.0026203946392931166,7.278509871745299
2021-11-03,0.01389728268889101,7.379661380986827
2021-11-04,0.0343627343449322,7.633246724577233
2021-11-05,-0.0013872675051870287,7.622657369437151
2021-11-08,-0.003956706254115122,7.592496753350522
2021-11-09,-0.03132554799660661,7.354657631889361
2021-11-10,-0.007535256380047706,7.2992384010456
2021-11-11,0.008008745030443881,7.357696140315999
2021-11-12,-0.0002627480693354889,7.355762919860374
2021-11-15,-0.008314045326220154,7.294606773535725
2021-11-16,0.015906154766259006,7.410635917834586
2021-11-17,0.004620342859949944,7.444875596585241
2021-11-18,0.031035533280588945,7.675931280932907
2021-11-19,0.025207343171980923,7.869421114895927
2021-11-22,-0.005101535796590895,7.829274981379838
2021-11-23,-0.01295727028293231,7.727828949326699
2021-11-24,0.009870371667936917,7.804105493242796
2021-11-26,-0.03060269679093458,7.56527881910862
2021-11-29,0.03832738559425597,7.855236177536653
2021-11-30,-0.00012608217536200228,7.8542457722714065
2021-12-01,-0.021519408807626567,7.685227046622325
2021-12-02,0.0011417033298024293,7.694001295931741
2021-12-03,-0.03504889629313693,7.424335042431369
2021-12-06,0.0010257559532013405,7.4319505982997045
2021-12-07,0.04603413527288913,7.774074017483262
2021-12-08,0.0051903596842473865,7.814424257845961
2021-12-09,-0.02787175854381757,7.5966225117723285
2021-12-10,0.014988967793556851,7.710488041941093
2021-12-13,-0.03676702969973303,7.4269962991036085
2021-12-14,-0.010633811769917428,7.348019018443067
2021-12-15,0.03521207327027209,7.606758002511837
2021-12-16,-0.046675482458680057,7.251708902798172
2021-12-17,-0.006108855447357314,7.207409261364664
2021-12-20,-0.014518487475754904,7.102768580270902
2021-12-21,0.033488995200915916,7.3406331631688095
2021-12-22,0.02987527460263656,7.559936594675698
2021-12-23,0.018474502323511444,7.699602660859634
2021-12-27,0.028859204392995053,7.921807067794232
2021-12-28,-0.008601103007677746,7.853670789197183
2021-12-29,-0.002531866230939539,7.833786345337099
2021-12-30,-0.010673643519921172,7.750171302475745
2021-12-31,-0.007740139610816488,7.690183894586839
2022-01-03,0.044948394688088894,8.035845315504712
2022-01-04,-0.02481502400338026,7.836435621113012
2022-01-05,-0.04400533910011953,7.491590614269679
2022-01-06,-0.006331199481852068,7.444159859654367
2022-01-07,-0.016747044967582114,7.319492179738865
2022-01-10,0.009201453830053108,7.386842149090167
2022-01-11,0.010049288729129413,7.461074658642877
2022-01-12,0.014711896289223314,7.570841215226984
2022-01-13,-0.044925098052631646,7.230720431292007
2022-01-14,0.013533718844515485,7.328578968652407
2022-01-18,-0.02499874358469803,7.145373702174855
2022-01-19,-0.021219998648335264,6.993748881872855
2022-01-20,-0.013002385593472277,6.9028134621668285
2022-01-21,-0.028982957208552124,6.702749514974229
2022-01-24,-0.004631985818929957,6.671702474273029
2022-01-25,-0.02382148934719977,6.5127725848544475
2022-01-26,0.017174256227051293,6.624624609975253
2022-01-27,-0.036074045706824515,6.385647599004452
2022-01-28,0.039873988033664765,6.640268834954355
2022-01-31,0.0534479962797606,6.9951778989416065
2022-02-01,-0.001935719972515293,6.981637193371328
2022-02-02,0.004825562299790531,7.015327518602477
2022-02-03,-0.03074218595657366,6.799661015479331
2022-02-04,0.01637307968200377,6.91099240709639
2022-02-07,-0.0052585068795302226,6.874650905979292
2022-02-08,0.01549666248130277,6.981185050746037
2022-02-09,0.026144880186610153,7.1637072974583464
2022-02-10,-0.028603634030073544,6.958799235623281
2022-02-11,-0.04158777545661649,6.669398255564505
2022-02-14,0.008222918767879145,6.724240175650646
2022-02-15,0.046699478463795685,7.0382586849188336
2022-02-16,-0.0002279193493231746,7.036654529578999
2022-02-17,-0.044271334048735844,6.725132446314457
2022-02-18,-0.019096474721636086,6.596706124553758
2022-02-22,-0.017641754528538917,6.480328654407471
2022-02-23,-0.041154470753598515,6.213634158325953
2022-02-24,0.044160387251491795,6.488030648996724
2022-02-25,0.012696255913823118,6.570404346493114
2022-02-28,0.022707925068396195,6.719604596062344
2022-03-01,-0.0171693194770329,6.6042335579932105
2022-03-02,0.022033081633649587,6.749745175104163
2022-03-03,-0.020809819030582627,6.609284199507697
2022-03-04,-0.01822147964483306,6.488853261999451
2022-03-07,-0.04269226910206811,6.211829392374338
2022-03-08,0.00239337474408971,6.226696627956641
2022-03-09,0.04812783214922295,6.52637403811107
2022-03-10,-0.019201330696346552,6.401058971957249
2022-03-11,-0.02977467753727378,6.210469505170148
2022-03-14,-0.027700446969389364,6.038436723987173
2022-03-15,0.04794886062449599,6.327972884855472
2022-03-16,0.042084066308292645,6.594279715338808
2022-03-17,0.014407599024335471,6.689287453331719
2022-03-18,0.03636307898188035,6.932530541329721
2022-03-21,0.008087845341859468,6.988599776175713
2022-03-22,0.027094125519364437,7.177949775716019
2022-03-23,-0.008797358370182723,7.114802779175873
2022-03-24,0.03776118304814158,7.383466149271761
2022-03-25,-0.004288078919430227,7.351805263724742
2022-03-28,0.03188232108920108,7.5861978797280925
2022-03-29,0.014214886421076933,7.694034820956242
2022-03-30,-0.012587252405856258,7.597188062645419
2022-03-31,-0.01625769940092711,7.473675262830618
2022-04-01,-0.0031668457878087364,7.450007285805072
2022-04-04,0.030500553402204755,7.677236630872584
2022-04-05,-0.03286644221472765,7.4249131767752194
2022-04-06,-0.03888066656699765,7.136227603260115
2022-04-07,0.00272291647109954,7.155658954942547
2022-04-08,-0.025386003599729617,6.974005370953938
2022-04-11,-0.04131687412293003,6.685861268909596
2022-04-12,-0.0018115772581139,6.673749314683935
2022-04-13,0.02611210545922843,6.848014960597415
2022-04-14,-0.034046707519047925,6.61486259814789
2022-04-18,0.011353896900652583,6.689967066099244
2022-04-19,0.018491182998146283,6.813672471370056
2022-04-20,-0.01977771735195824,6.678913583102481
2022-04-21,-0.013094312293881388,6.59145780286149
2022-04-22,-0.02219003342272846,6.445193133911489
2022-04-25,0.010996788765304744,6.516069561356705
2022-04-26,-0.06313690587487636,6.10466509078718
2022-04-27,0.008149172501355995,6.1544130596750115
2022-04-28,0.03437075265813733,6.365944868705112
2022-04-29,-0.03713486152045839,6.129546387558875
2022-05-02,0.029282068141470274,6.309032182555677
2022-05-03,0.0026717884572070583,6.325888581917177
2022-05-04,0.038787684656730714,6.571255153406194
2022-05-05,-0.06395818738001471,6.150969584982754
2022-05-06,-0.0056062663487488895,6.116485611186287
2022-05-09,-0.06330843264644082,5.729260493837576
2022-05-10,0.02229695117750441,5.8570055353518775
2022-05-11,-0.05561053727084653,5.531294310732638
2022-05-12,-0.020596564172190857,5.417368652506359
2022-05-13,0.05157349172509229,5.69676126987817
2022-05-16,-0.02323463454905278,5.564399103659353
2022-05-17,0.037515294887735195,5.773149176906182
2022-05-18,-0.0595313843958207,5.429465614081364
2022-05-19,-0.004477311426113073,5.4051562056497495
2022-05-20,-0.022455041568053558,5.283783198370061
2022-05-23,0.025235043000771062,5.417119694587681
2022-05-24,-0.034112721204252655,5.232327000716145
2022-05-25,0.027977563848455178,5.378714763454677
2022-05-26,0.04048806010717426,5.596488490096775
2022-05-27,0.048868024482072614,5.869977826644461
2022-05-31,-0.004888158468195486,5.841284444823029
2022-06-01,-0.010323927789567394,5.780979446016353
2022-06-02,0.03523657927483159,5.984681386552079
2022-06-03,-0.04796613365027716,5.697619359310396
2022-06-06,0.0050243198540278755,5.726246021378072
2022-06-07,0.010384461701336889,5.7857100038795055
2022-06-08,-0.0036797747493793886,5.764419894299998
2022-06-09,-0.02446114762286461,5.623415568305347
2022-06-10,-0.043472799074773444,5.378949953190456
2022-06-13,-0.057474378975430646,5.069798145090913
2022-06-14,0.012961037248108431,5.135507987689827
2022-06-15,0.03707625468131576,5.3259133897593465
2022-06-16,-0.05201470386744675,5.048887581967344
2022-06-17,0.014382844403331985,5.121504946468696
2022-06-21,0.04852399510587746,5.370020827425871
2022-06-22,-0.005668627214330063,5.339580181222006
2022-06-23,0.007912927449040985,5.381831891804353
2022-06-24,0.03986200996884132,5.596362528326087
2022-06-27,-0.007176161573634876,5.556202126598183
2022-06-28,-0.04104103149266958,5.32816986014083
2022-06-29,-0.004426601246204115,5.304584176797944
2022-06-30,-0.01835731475598254,5.207206255414859
2022-07-01,-0.0006635286849746291,5.203751124695812
2022-07-05,0.021857310962395293,5.317491131199202
2022-07-06,0.006940588586021035,5.3543976494506715
2022-07-07,0.03390544872346751,5.535940904399177
2022-07-08,0.006532792503462448,5.572106057639047
2022-07-11,-0.03383002298202897,5.383601581650815
2022-07-12,-0.011050225253034812,5.324111571500979
2022-07-13,0.00404708026438888,5.345658678367405
2022-07-14,0.01123816273302769,5.405734060510119
2022-07-15,0.013642161358205118,5.479479956823144
2022-07-18,-0.0016893927941114273,5.4702229628686085
2022-07-19,0.030885833866404977,5.639175360511961
2022-07-20,0.020013630305002805,5.752035731402329
2022-07-21,0.034086156118852684,5.948100519344129
2022-07-22,-0.015887531382290487,5.8535998856780305
2022-07-25,-0.011075701616260258,5.788767159963285
2022-07-26,-0.025026563391074952,5.643894211678291
2022-07-27,0.05969290153904222,5.980794633152773
2022-07-28,0.01628522421680184,6.078193214748311
2022-07-29,0.02906532295077563,6.254857863492184
2022-08-01,-3.643679221257412e-05,6.254629956535893
2022-08-02,-0.0012544337654925575,6.246783937527753
2022-08-03,0.02713733599491025,6.416305012128053
2022-08-04,0.005829453701574838,6.453708565131436
2022-08-05,-0.02051567393854603,6.321306384514798
2022-08-08,-0.01680555180643975,6.215073342585456
2022-08-09,-0.014195151717748572,6.126849433550521
2022-08-10,0.03714298014358902,6.354418880403647
2022-08-11,-0.011661647315960644,6.280315888522498
2022-08-12,0.03199044869420786,6.4812260117376965
2022-08-15,0.014976401718700627,6.578291456119172
2022-08-16,-0.005116189893199841,6.544635667856852
2022-08-17,-0.0077597916059236605,6.493850658937588
2022-08-18,0.0034858919240144393,6.5164875205053345
2022-08-19,-0.024664279760182872,6.355763049245851
2022-08-22,-0.030202497339598428,6.1638031326598846
2022-08-23,0.006110652804925759,6.201467993561483
2022-08-24,0.0009999137925896795,6.207668926942549
2022-08-25,0.01567143423864109,6.3049520023063845
2022-08-26,-0.04887968991883587,5.996767903480506
2022-08-29,-0.015984464754531885,5.900912778286214
2022-08-30,-0.0174749021423235,5.797794904935277
2022-08-31,-0.012010970249994674,5.7281577628165286
2022-09-01,-0.017603611854856788,5.6273214969165215
2022-09-02,-0.019040425767833408,5.5201748996827495
2022-09-06,-0.0042362121735465275,5.4967902675726075
2022-09-07,0.020244381030992187,5.6080693841967975
2022-09-08,0.007942960879252947,5.652614059923609
2022-09-09,0.026554255374954927,5.802715017206881
2022-09-12,0.017701880754731725,5.905433986495169
2022-09-13,-0.06218890816994699,5.538181494605337
2022-09-14,0.011528505400631828,5.602028449875574
2022-09-15,-0.01436004882895811,5.521583047794148
2022-09-16,0.0014801708152268611,5.529755933875344
2022-09-19,0.01424538760459279,5.6085294505121945
2022-09-20,-0.002323456554586212,5.595498275998812
2022-09-21,-0.013484655560915826,5.52004490905527
2022-09-22,-0.022814443532553547,5.394108156180469
2022-09-23,-0.019337988114638383,5.2897969567671765
2022-09-26,-0.005063969044820732,5.263009588724721
2022-09-27,0.010605879234619808,5.318828432833381
2022-09-28,0.012573208299511057,5.385703170628757
2022-09-29,-0.04313587108178213,5.153386172975769
2022-09-30,-0.0167681467189435,5.0669734375279365
2022-10-03,0.0022493804978882537,5.0783709887616295
2022-10-04,0.035207087560512995,5.257165640827729
2022-10-05,-0.0070172159034325166,5.220274974485934
2022-10-06,-0.00835163037892106,5.176677167422696
2022-10-07,-0.05777209119446955,4.877609702022023
2022-10-10,-0.013265222970495982,4.812907121761647
2022-10-11,-0.015794220060444064,4.736891007550065
2022-10-12,-0.0017752600446011013,4.728481794208732
2022-10-13,0.03296068083372822,4.88433577345574
2022-10-14,-0.04830798140571446,4.648383371732375
2022-10-17,0.0493241956470678,4.877661142602279
2022-10-18,0.005991947231326178,4.9068878307810415
2022-10-19,0.0019291862467957777,4.916354131298754
2022-10-20,-0.014817638607240224,4.843505372515956
2022-10-21,0.02729700834718396,4.975718579099155
2022-10-24,0.007945985336444195,5.01525556596695
2022-10-25,0.03463720435107781,5.188969997878228
2022-10-26,-0.028581793266382244,5.040659930133413
2022-10-27,-0.006626448011936958,5.007258259160531
2022-10-28,0.045237671341073926,5.233774962608313
2022-10-31,-0.01497880064267898,5.155379290834759
2022-11-01,-0.007490816302993447,5.116761291594859
2022-11-02,-0.03823943041098807,4.92109925425528
2022-11-03,-0.013041904780699692,4.856918746364911
2022-11-04,0.012432643308686625,4.917303084717738
2022-11-07,-0.001666213993933352,4.90910980550557
2022-11-08,7.071128065733179e-05,4.909456934946804
2022-11-09,-0.04511880150814543,4.687948121986151
2022-11-10,0.09711741459742057,5.143229523360279
2022-11-11,0.02510701134793636,5.272360645368328
2022-11-14,-0.01489048793659492,5.193852622781092
2022-11-15,0.013637167704993014,5.264682062032977
2022-11-16,-0.02261145727114422,5.145639928541159
2022-11-17,-0.005485609992171486,5.1174129547330365
2022-11-18,-0.007871433018171059,5.077131581433535
2022-11-21,-0.023145561061515746,4.959618522398115
2022-11-22,0.021549256171325526,5.066494612449323
2022-11-23,0.031135570489160325,5.22424281258819
2022-11-25,-0.009221703941408255,5.176066392052472
2022-11-28,-0.019079129226383135,5.077311552474164
2022-11-29,-0.012591901186826904,5.013378547110674
2022-11-30,0.06732469857400913,5.350902746632304
2022-12-01,0.0031637983958174853,5.367831924158275
2022-12-02,-0.00409233253210467,5.345864970948172
2022-12-05,-0.02658293870314493,5.203756170110168
2022-12-06,-0.024399158888465167,5.07678889649882
2022-12-07,-0.010167168372741231,5.025172328995253
2022-12-08,0.02153977983504926,5.133413434594992
2022-12-09,0.0027805927146555554,5.147687366592542
2022-12-12,0.003492269810871723,5.165664479778698
2022-12-13,0.003483744758217139,5.183660336332836
2022-12-14,-0.015543860998270487,5.10308624060263
2022-12-15,-0.02851891697690273,4.957551747780909
2022-12-16,-0.025397461635783464,4.8316425174592315
2022-12-19,-0.013690819490433992,4.765493371910392
2022-12-20,-0.021462078631481307,4.663215978444648
2022-12-21,0.014719861872946605,4.731857873531071
2022-12-22,-0.052137149369995306,4.485152292781193
2022-12-23,-0.0066881429532625325,4.455154953079919
2022-12-27,-0.05168364315395249,4.2248963142893725
2022-12-28,-0.003467608301000874,4.210246028759075
2022-12-29,0.044294244665642135,4.396735696459478
2022-12-30,0.00236215674553214,4.4071214753431915
2023-01-03,-0.04532196601538621,4.207382065612009
2023-01-04,0.01203443603507337,4.258015535955732
2023-01-05,-0.025524298253850913,4.149332677446466
2023-01-06,0.028717720597889573,4.268492053945067
2023-01-09,0.031231853930345166,4.401804974276718
2023-01-10,0.005593237904416515,4.426425316706692
2023-01-11,0.023475495754352038,4.530337845435997
2023-01-12,0.011413534022372301,4.582045010567721
2023-01-13,0.006812397391658259,4.613259722046173
2023-01-17,0.033805130049158305,4.769211566900488
2023-01-18,-0.015807158688802503,4.69382388284202
2023-01-19,-0.015932822605126462,4.619038019576992
2023-01-20,0.0420433437296745,4.813237822734503
2023-01-23,0.046662683153397444,5.037836414198711
2023-01-24,0.0031405436178956747,5.053657959197325
2023-01-25,-0.0009613772199252024,5.0487994875580595
2023-01-26,0.04499473669846521,5.275968891144081
2023-01-27,0.03819060017877207,5.477461309621405
2023-01-30,-0.04107324247633021,5.252484213096607
2023-01-31,0.022241215294833805,5.3693058453128035
2023-02-01,0.03677061428166728,5.5667385195111025
2023-02-02,0.03958432191915667,5.7870940891072
2023-02-03,-0.004547736886903686,5.760775907850184
2023-02-06,0.0001486890124450524,5.76163247193084
2023-02-07,0.03079842766120161,5.939081692828032
2023-02-08,0.0008628550919074218,5.944206259707943
2023-02-09,0.004332511903251429,5.969959604083509
2023-02-10,-0.02445429843138952,5.82396843030191
2023-02-13,0.015804150133834766,5.9160113017491165
2023-02-14,0.03206630617973247,6.105715931513761
2023-02-15,0.005186623282934982,6.137383979923137
2023-02-16,-0.031867852663242574,5.9417987315132015
2023-02-17,-0.005005508421918103,5.91205700792127
2023-02-21,-0.033588874443621075,5.7134776673786725
2023-02-22,0.005195184626592464,5.743160238720618
2023-02-23,0.04062250081376134,5.976461770191608
2023-02-24,-0.020361797968567324,5.8547702630601
2023-02-27,0.018963452629811473,5.965796921602069
2023-02-28,-0.006945081644208206,5.924363974908776
2023-03-01,-0.015869757693896924,5.8303457541365225
2023-03-02,-0.001904581691119761,5.819241384360296
2023-03-03,0.02813365480598784,5.982957912700607
2023-03-06,-0.0023645689068202413,5.9688107964494215
2023-03-07,-0.01692120460594862,5.867811327708506
2023-03-08,0.003633311388239746,5.889130913429512
2023-03-09,-0.025263403367478843,5.740351423679654
2023-03-10,-0.011437903197127508,5.674693839778113
2023-03-13,0.010186640700326932,5.732499907008292
2023-03-14,0.034808066263028625,5.932037143624242
2023-03-15,0.002993908914111193,5.949797122507376
2023-03-16,0.03345437298911802,6.14884385465332
2023-03-17,-0.0020697822535027666,6.136117086763399
2023-03-20,0.0034601098413955256,6.157348725883264
2023-03-21,0.026845409676153287,6.322645274948541
2023-03-22,-0.009205521120744298,6.264442030331028
2023-03-23,0.014901176696385632,6.357789587929255
2023-03-24,-0.0014455830943111148,6.348598874783757
2023-03-27,-0.007283947260718071,6.302356015400378
2023-03-28,-0.0065902992306933195,6.2608216034005295
2023-03-29,0.021374726913552244,6.394644955427684
2023-03-30,0.011129251686466501,6.4658125685822325
2023-03-31,0.02684166861801479,6.639365766894312
2023-04-03,-0.012602422021618875,6.555693677544021
2023-04-04,-0.008244103284624382,6.501647861763989
2023-04-05,-0.01966874858003223,6.37376858461505
2023-04-06,0.008587995556060546,6.4285064808950825
2023-04-10,-0.0016190302885368546,6.418098534192458
2023-04-11,-0.008192300297459237,6.36551954366167
2023-04-12,-0.015071751970517772,6.269580011936118
2023-04-13,0.021245900174395316,6.402782883005098
2023-04-14,-0.002143267893900902,6.389060004020335
2023-04-17,0.007390722034739394,6.43627977057332
2023-04-18,0.004011886192935771,6.462101392518754
2023-04-19,-0.0008488374706452084,6.456616118717675
2023-04-20,-0.03525642478242372,6.228978918179121
2023-04-21,0.000592956618896967,6.232672432457624
2023-04-24,-0.007562308217624408,6.185539042503889
2023-04-25,-0.01828949717544809,6.07240864365739
2023-04-26,0.014137869118884205,6.1582595622978
2023-04-27,0.02808131847323414,6.331191610307524
2023-04-28,0.015110437594707149,6.426858686035209
2023-05-01,0.005170682516607877,6.460089931879801
2023-05-02,-0.010071924604392046,6.395024393148315
2023-05-03,-0.005591506760528414,6.359266571020282
2023-05-04,-0.00288858596133007,6.340897282878877
2023-05-05,0.039902456115469165,6.593914658441648
2023-05-08,0.004938554989644461,6.6264790685793855
2023-05-09,-0.012645310622024564,6.5426851824268555
2023-05-10,0.008775368585232368,6.600099656439789
2023-05-11,0.0011064699288330926,6.60740246823694
2023-05-12,-0.010311943201717577,6.539267309273592
2023-05-15,0.002653710843347007,6.556620633839756
2023-05-16,0.004342494063460212,6.585092720018566
2023-05-17,0.022541665540152966,6.7335316776641205
2023-05-18,0.023798472752879496,6.893779447825661
2023-05-19,0.001341854229501921,6.903029894934979
2023-05-22,0.012272048076477332,6.987744209678981
2023-05-23,-0.016413377225915904,6.873051728007311
2023-05-24,-0.005794355136921919,6.833226825420801
2023-05-25,0.0743575575741467,7.341328882509231
2023-05-26,0.02702173853575368,7.539704352077372
2023-05-30,0.019222129813666555,7.6846335278896705
2023-05-31,-0.012948396307267185,7.585129847494442
2023-06-01,0.024389195219017168,7.770125060106578
2023-06-02,0.008299259643489293,7.834611345442784
2023-06-05,0.0017709847111917476,7.848486322353693
2023-06-06,-0.0012458703802561977,7.838708125714827
2023-06-07,-0.013573707929100787,7.732307791074905
2023-06-08,0.023679556731213025,7.915405412076864
2023-06-09,0.013558772309722966,8.022728591798364
2023-06-12,0.017926226703354142,8.166545843314424
2023-06-13,0.019822688518108977,8.328428737835303
2023-06-14,0.013334656685146856,8.439485475781048
2023-06-15,0.007907168492025912,8.506217909424056
2023-06-16,-0.0008473415066594658,8.499010237924711
2023-06-20,0.016878557271533146,8.64246126897687
2023-06-21,-0.022748211072039892,8.445860735848255
2023-06-22,0.013586776548873941,8.560612758429134
2023-06-23,-0.016188444515590317,8.422029753769849
2023-06-26,-0.03116943452102361,8.159519848825607
2023-06-27,0.02546084306953622,8.367268103219322
2023-06-28,0.004032182036905918,8.4010064513631
2023-06-29,-0.0007107729526424078,8.395035243202496
2023-06-30,0.023081374849454106,8.588804198525231
2023-07-03,0.01407624157271617,8.709702281244432
2023-07-05,0.0004612251903834963,8.713719415337282
2023-07-06,-0.0035874532751290766,8.682459354082175
2023-07-07,-0.003972052125704895,8.647972172948446
2023-07-10,-0.013000657090614931,8.535542852198763
2023-07-11,0.001280178325621495,8.546469869155562
2023-07-12,0.016667275122858594,8.688916233794
2023-07-13,0.022310748869461106,8.882772461833962
2023-07-14,0.0024475133945016936,8.904513166414612
2023-07-17,0.018131831219575623,9.06596829624053
2023-07-18,0.01772159268707843,9.22663169370047
2023-07-19,-0.00526659166359672,9.17803879213935
2023-07-20,-0.040915575418419114,8.802514053746396
2023-07-21,-0.013164316643636542,8.686634971482817
2023-07-24,0.012430748976739847,8.79461635026589
2023-07-25,0.007847757523391286,8.86363436689403
2023-07-26,-0.010391947762131398,8.771523941570633
2023-07-27,-0.012570086704521033,8.661265125094308
2023-07-28,0.024279823281182833,8.87155911172307
2023-07-31,-0.0002020389114985588,8.869766711576842
2023-08-01,-0.00788950640592942,8.799788630286757
2023-08-02,-0.02913858422720328,8.543375248101562
2023-08-03,0.004043302789114439,8.577918701070661
2023-08-04,-0.015484948354031525,8.4450900729995
2023-08-07,-0.0007859611986200388,8.43845255988327
2023-08-08,-0.0076316386604256825,8.374053339093097
2023-08-09,-0.02449702046828864,8.168913983042792
2023-08-10,0.002510795300457447,8.189424453881257
2023-08-11,-0.013184592757651076,8.081450227537283
2023-08-14,0.01946394301538812,8.238747114247763
2023-08-15,-0.010503814083696578,8.152208846277112
2023-08-16,-0.01232833326079602,8.051705698808599
2023-08-17,-0.014271809084620085,7.9367932922696545
2023-08-18,-0.004124747660528033,7.90405602270527
2023-08-21,0.045696851499429036,8.265246497018001
2023-08-22,-0.0024231661222851864,8.245218431714092
2023-08-23,0.0208684610220769,8.417283451174827
2023-08-24,-0.018866275460673126,8.258480662954398
2023-08-25,0.008735135245092535,8.330619608464286
2023-08-28,0.007448300099069605,8.392668563319322
2023-08-29,0.03871323254225384,8.717575893061166
2023-08-30,0.007269972375236328,8.780952428982747
2023-08-31,0.001119974751347813,8.790786873995993
2023-09-01,-0.01414369308914748,8.666452682438088
2023-09-05,0.015951064376152402,8.804691827088536
2023-09-06,-0.021542228193335372,8.6150191465774
2023-09-07,-0.014325672688814184,8.491603202075664
2023-09-08,-0.0024122801886148626,8.471119075901719
2023-09-11,0.027470318962150325,8.703823418883095
2023-09-12,-0.016108088189670577,8.563621463664406
2023-09-13,0.007265829061008866,8.625843273362577
2023-09-14,0.009055046888884866,8.703950688659047
2023-09-15,-0.01801190584268783,8.547175948395521
2023-09-18,-0.004574231590878719,8.508079186159572
2023-09-19,-0.0001525562292037097,8.506781225681165
2023-09-20,-0.02201886801108477,8.319471532673717
2023-09-21,-0.016981127891801423,8.178197522585183
2023-09-22,-0.007699949481419666,8.115225814812206
2023-09-25,0.00809412965032491,8.18091150469896
2023-09-26,-0.014847440695419295,8.05944590629847
2023-09-27,-0.0020884856297713195,8.042613869339245
2023-09-28,0.010828695599014504,8.129704886750732
2023-09-29,0.008718789762838353,8.20058607449223
2023-10-02,0.017251564448285073,8.342059013670044
2023-10-03,-0.020575785839729882,8.17041459394238
2023-10-04,0.02411675642742145,8.367458492615539
2023-10-05,0.004723135069444662,8.406979129264135
2023-10-06,0.016341653113625343,8.544363065928058
2023-10-09,0.0005717410222114694,8.549248228801519
2023-10-10,0.0047800314495339835,8.590113904205062
2023-10-11,0.009948920958602225,8.675576268463388
2023-10-12,-0.0028563720600631726,8.650795594805201
2023-10-13,-0.020549866998222616,8.473022895903144
2023-10-16,0.00983784082816097,8.556379146486403
2023-10-17,-0.013415109668357572,8.44159438187224
2023-10-18,-0.0251670353928109,8.229144477291909
2023-10-19,-0.02343742186168632,8.036274546616852
2023-10-20,-0.020647197655822347,7.8703479976364
2023-10-23,0.011900032434082997,7.9640053940757936
2023-10-24,0.010790656335349702,8.049942239336136
2023-10-25,-0.01122460304251821,7.959584833184388
2023-10-26,-0.03206273787276548,7.704378751101957
2023-10-27,0.006406064326685557,7.753733496978664
2023-10-30,0.0008541796485929398,7.760356578332397
2023-10-31,0.0033916745355775935,7.7866771821261285
2023-11-01,0.026041809046508324,7.98945634240986
2023-11-02,0.029394793192627444,8.224304759316524
2023-11-03,0.012192940797258328,8.324583220345481
2023-11-06,0.009654216956891642,8.404950552830396
2023-11-07,0.010850060860315647,8.49614477785655
2023-11-08,0.006611289931457792,8.552315254282602
2023-11-09,-0.014018672434131768,8.432423148179385
2023-11-10,0.024964103940180227,8.642931036118117
2023-11-13,0.007858147593229059,8.710848463838033
2023-11-14,0.0266561000926559,8.943045712382059
2023-11-15,0.002713052744306249,8.967308667094493
2023-11-16,0.0001609377441295079,8.968751845522288
2023-11-17,-0.004386200429582043,8.929413102324643
2023-11-20,0.01447117860872521,9.058632234199475
2023-11-21,-0.00031606357673066854,9.055769130495246
2023-11-22,-0.009310169749017272,8.971458382682426
2023-11-24,-0.0055292637492521945,8.921852823069136
2023-11-27,0.0036521185560687286,8.95443648731878
2023-11-28,0.01258988424119667,9.067171806139271
2023-11-29,-0.004814068653167386,9.023521818574453
2023-11-30,-0.01046679977893894,8.929074422398548
2023-12-01,-0.0025336402492798504,8.906451360053143
2023-12-04,-0.016061943447070626,8.763396441993885
2023-12-05,0.016710557477226218,8.909837681933544
2023-12-06,-0.008944558002319719,8.830143121996235
2023-12-07,0.013412622391538398,8.948578497354811
2023-12-08,0.01018243441343969,9.039696810997643
2023-12-11,-0.014018492465803972,8.91297388935952
2023-12-12,0.006729576460191011,8.972954428635653
2023-12-13,0.008832024517043985,9.052203782139681
2023-12-14,0.008201779297954154,9.126447959720895
2023-12-15,0.0078297171812719,9.197905466115104
2023-12-18,0.0038383077330113313,9.2332098577932
2023-12-19,0.00448545768745659,9.274625029929739
2023-12-20,-0.021768302835186437,9.072732183595427
2023-12-21,0.013789902278355165,9.197844273804897
2023-12-22,-0.003432656621771474,9.166271232752397
2023-12-26,0.0056709707544567445,9.218252888840754
2023-12-27,0.005141554810203508,9.265649041323046
2023-12-28,-0.006002145547562593,9.210035267184391
2023-12-29,-0.005490717401543305,9.159465566274035
2024-01-02,-0.01927949211059954,8.982875722151746
2024-01-03,-0.015196280646058047,8.846369421669268
2024-01-04,-0.00325992235856587,8.817530944199435
2024-01-05,0.004129461455515987,8.853942598366327
2024-01-08,0.029947772161638186,9.119098454034424
2024-01-09,-0.0012961762410776678,9.107278495278257
2024-01-10,0.010668577123928963,9.204440198294233
2024-01-11,-0.004600993285928168,9.162090630741154
2024-01-12,-0.006735412877099278,9.10038016752571
2024-01-16,0.006884362713684672,9.16303048543138
2024-01-17,-0.008221157146579033,9.087699771871755
2024-01-18,0.011411311885426823,9.191402348289706
2024-01-19,0.017732280647595633,9.35438687427455
2024-01-22,-0.0016227524204394939,9.339207020332593
2024-01-23,0.004495070317030558,9.381187412594294
2024-01-24,0.00607423602042248,9.438170959090208
2024-01-25,-0.028263937454669902,9.171411085416
2024-01-26,-0.004362486574992552,9.131400927682137
2024-01-29,0.019038549121573517,9.305249552792594
2024-01-30,-0.003400040124144965,9.273611330947917
2024-01-31,-0.0221530983395318,9.068172107170831
2024-02-01,0.01542426690966503,9.208042014134612
2024-02-02,0.014424893970281544,9.340867043862403
2024-02-05,0.001948086016010736,9.359063856327968
2024-02-06,0.003638691270178157,9.39311860027903
2024-02-07,0.015646853377700665,9.540091349776949
2024-02-08,-0.0003969956314544554,9.536303975187412
2024-02-09,0.019145906064771345,9.718885155301455
2024-02-12,-0.01202248552483548,9.602039999204306
2024-02-13,-0.014077658825541128,9.466865756066309
2024-02-14,0.013727303191742146,9.596820292575353
2024-02-15,0.009168826423796766,9.684811872058347
2024-02-16,-0.004423288171686163,9.641973158259667
2024-02-20,-0.020436702147725583,9.444923024707949
2024-02-21,-0.005156170218341916,9.396223393893418
2024-02-22,0.05308842159016525,9.895054062783805
2024-02-23,-0.009305180665781732,9.802978797031923
2024-02-26,0.006979566689594985,9.871399341302494
2024-02-27,0.0011695714816283564,9.882944648455847
2024-02-28,-0.0019150075705310077,9.864018734634916
2024-02-29,0.007173085035680371,9.934774179811997
2024-03-01,0.01056567550553797,10.039741780016687
2024-03-04,-0.01559545480208302,9.883167440861852
2024-03-05,-0.02219215787049522,9.663838628753707
2024-03-06,0.00033007437685164676,9.667028414267088
2024-03-07,0.018380521756884982,9.844713440359948
2024-03-08,-0.017726271080099748,9.670203381210227
2024-03-11,0.00036657448192073394,9.673748231004762
2024-03-12,0.024913956843627405,9.914759576948132
2024-03-13,-0.017276521148469254,9.743467023435
2024-03-14,-0.00956731861130089,9.650248170043094
2024-03-15,-0.004380914910681932,9.607971253943171
2024-03-18,0.019527840997765944,9.79559418890128
2024-03-19,0.004944294055374748,9.844026487018327
2024-03-20,0.015000469338897315,9.991691504508138
2024-03-21,-0.008881673057867995,9.90294856727002
2024-03-22,0.005885399160932531,9.961231372458588
2024-03-25,-0.0009791409626956349,9.951477922782926
2024-03-26,-0.0015081870483105164,9.936469232668237
2024-03-27,0.001970237184577006,9.956046433833844
2024-03-28,-0.008383757698610328,9.872577352896467
2024-04-01,-0.0006174461239872586,9.866481568276157
2024-04-02,-0.01836918596273368,9.685242333550608
2024-04-03,0.001873850634743518,9.703391031044976
2024-04-04,-0.0072940844220372725,9.632613677684494
2024-04-05,0.002743147919176875,9.659037361850668
2024-04-08,0.0075520095463477155,9.731982504215894
2024-04-09,0.0033379068955158853,9.764466955723757
2024-04-10,-0.006857101381313374,9.697511015873875
2024-04-11,0.027983857609296503,9.968884783306674
2024-04-12,-0.013153290532097572,9.837761145470834
2024-04-15,-0.030541821750093207,9.53729799814587
2024-04-16,-0.006878845157731905,9.471692401993478
2024-04-17,-0.01599710103103541,9.320172781703898
2024-04-18,-0.013009235069318142,9.19892446310005
2024-04-19,-0.03605159318397863,8.867288580626218
2024-04-22,0.004810560964252614,8.90994521293094
2024-04-23,0.019481081682201085,9.083520583407985
2024-04-24,0.025913265172826994,9.318904260988667
2024-04-25,0.016847725783966955,9.475906604584846
2024-04-26,0.016355244718429363,9.630887376031813
2024-04-29,0.042027767964393975,10.035652075962888
2024-04-30,-0.030332895103897306,9.731241694243497
2024-05-01,-0.012122061177724769,9.613278987090652
2024-05-02,0.0157288505482876,9.764484815557594
2024-05-03,0.030793249998625594,10.065165037590843
2024-05-06,0.016313929368806795,10.229367429099483
2024-05-07,-0.01529712120510221,10.072887555685023
2024-05-08,-0.0035376090671868365,10.037253617335278
2024-05-09,-0.004951300636332534,9.987556157112735
2024-05-10,-0.0021572829249122683,9.966010172753393
2024-05-13,0.01032078197730324,10.068867190929966
2024-05-14,0.014138066174273323,10.211221501575304
2024-05-15,0.01137226282526077,10.327346196258173
2024-05-16,-0.0005715048653645027,10.321444067660707
2024-05-17,-0.0016583531495528714,10.304327468383168
2024-05-20,0.0072769142518100405,10.379311175793163
2024-05-21,0.022135099131641356,10.609058257587497
2024-05-22,-0.010860027492850394,10.493843593236845
2024-05-23,0.00714878909951297,10.56886186792817
2024-05-24,0.020341920224822452,10.783852812912734
2024-05-28,0.014084282238310208,10.935735639546193
2024-05-29,0.0009626192934598654,10.946262589660998
2024-05-30,-0.012860112579374916,10.805492420434557
2024-05-31,-0.0014222850707975576,10.790123929882357
2024-06-03,0.011070712886388445,10.909578293918635
2024-06-04,0.002922399882684834,10.941460444244925
2024-06-05,0.019943954198165803,11.15967643020599
2024-06-06,-0.00021773328007965165,11.157246597252213
2024-06-07,0.001829901477124446,11.177663259281166
2024-06-10,-0.005748221927495717,11.113411570236003
2024-06-11,0.014684144620828149,11.276602512964134
2024-06-12,0.030569008121694274,11.621317066768052
2024-06-13,0.01777788640523925,11.827919521460322
2024-06-14,-0.003213689032200595,11.789908266220454
2024-06-17,0.019731761758753963,12.022543927287082
2024-06-18,0.0014608478123390722,12.04010703428201
2024-06-20,-0.019036880697393344,11.810900953086536
2024-06-21,-0.006387761442150558,11.73545573538135
2024-06-24,-0.017687113756897244,11.527889394800628
2024-06-25,0.026371156751157754,11.831893173040925
2024-06-26,0.018320027170646513,12.048653777451221
2024-06-27,-0.002051836515721467,12.023931909665361
2024-06-28,-0.007645513541425536,11.932002775428836
2024-07-01,0.029419999144986886,12.283042286879933
2024-07-02,0.027670531570157614,12.622920596256625
2024-07-03,0.03005300916654713,13.002277344644522
2024-07-05,0.009519612751431344,13.126053989852249
2024-07-08,0.007049066649961383,13.218580419277709
2024-07-09,0.012833271431099968,13.388218049732123
2024-07-10,0.015954760289725145,13.60182385942217
2024-07-11,-0.047025263749707336,12.96219450495578
2024-07-12,0.01370902202127261,13.139893514868238
2024-07-15,0.007305772778176761,13.235890591217302
2024-07-16,-0.002166723224888395,13.20721207967123
2024-07-17,-0.034074612018982486,12.757181452204014
2024-07-18,0.00039343686100584696,12.762200597629851
2024-07-19,-0.018290790972755155,12.528769854146232
2024-07-22,0.02770278060021228,12.8758516166062
2024-07-23,-0.004771545542272132,12.814413904222025
2024-07-24,-0.06399670509098895,11.99433363667966
2024-07-25,-0.006701347904787852,11.91395543409417
2024-07-26,0.005871099729765877,11.983903454623723
2024-07-29,0.011918961742648948,12.126739141426983
2024-07-30,-0.02941083921915777,11.770081566285807
2024-07-31,0.04368879713802781,12.284302272133308
2024-08-01,-0.03799903576297334,11.81751063077134
2024-08-02,-0.018484543395170083,11.599069342693962
2024-08-05,-0.046682107093605846,11.057600345452162
2024-08-06,0.01205447224373099,11.190893881898685
2024-08-07,-0.021484019814710292,10.950468495995654
2024-08-08,0.03137856510256759,11.294078484600869
2024-08-09,0.006435834229629761,11.366765301504188
2024-08-12,0.009322363230787722,11.472730416403925
2024-08-13,0.03813947736475354,11.910294358432283
2024-08-14,-0.001353327061530879,11.894175834766218
2024-08-15,0.0322995207938907,12.278352014467442
2024-08-16,0.005771005131876283,12.349210446953917
2024-08-19,0.020162360346351077,12.598199677978323
2024-08-20,-0.004481349001534518,12.541742748430282
2024-08-21,0.004399596170091918,12.596921351792556
2024-08-22,-0.030508510146580764,12.212608048915714
2024-08-23,0.026156670221310463,12.532049210193325
2024-08-26,-0.01529590402244635,12.340360188269633
2024-08-27,9.431975391852032e-05,12.341524128005856
2024-08-28,-0.013021870273860092,12.18081440182925
2024-08-29,-0.010141283143227958,12.057285314065192
2024-08-30,0.01484711830551319,12.236301255566445
2024-09-03,-0.039326929618783035,11.755085097294558
2024-09-04,0.003830278415096061,11.800110346010342
2024-09-05,0.016034130460548995,11.989314854747144
2024-09-06,-0.03717757676716735,11.543581181349042
2024-09-09,0.018025751358219544,11.751662905507462
2024-09-10,0.019591289584749594,11.98189313659162
2024-09-11,0.030773076985465775,12.350612856515577
2024-09-12,0.009095176511619396,12.462943860472262
2024-09-13,0.0022370794626411783,12.490824456226575
2024-09-16,-0.015188630763101368,12.301105935634233
2024-09-17,0.00140546712258674,12.318394735598224
2024-09-18,-0.003532464232466309,12.274880446793322
2024-09-19,0.0421603269902342,12.792393420196161
2024-09-20,-0.012458412564249483,12.633020505283167
2024-09-23,0.009983731356193543,12.759145188225197
2024-09-24,0.01267380595509171,12.920852118493606
2024-09-25,0.008777249333558529,13.034261659139663
2024-09-26,-0.0008434970358212057,13.023267298066061
2024-09-27,-0.000794788176170097,13.012916559202456
2024-09-30,0.008255123924088115,13.12033979801249
2024-10-01,-0.025458580869402447,12.786314566230748
2024-10-02,-0.006252847421553104,12.706363692164127
2024-10-03,-0.001556220922346363,12.68658978313944
2024-10-04,0.01496179264174205,12.876403908805614
2024-10-07,-0.013193867012210925,12.70651434803732
2024-10-08,0.02168650976751757,12.982074295557135
2024-10-09,0.0018532729142224647,13.006133622219515
2024-10-10,0.00019152944705849717,13.008624679800548
2024-10-11,-0.023312602599257493,12.705359782277464
2024-10-14,0.01343903258813195,12.876107526435431
2024-10-15,-0.008729832616798133,12.763701262973756
2024-10-16,0.006053479205704926,12.840966063156998
2024-10-17,0.0024913848155291574,12.872957851023473
2024-10-18,0.005671513485266122,12.945967005070814
2024-10-21,0.010193773003360412,13.0779352540295
2024-10-22,0.0033421278514201014,13.121643385681061
2024-10-23,-0.019078793807124628,12.871298257115031
2024-10-24,0.0561909422953244,13.594548634746491
2024-10-25,0.013295326840655042,13.775292602096627
2024-10-28,-0.006766439200054181,13.682082922241584
2024-10-29,0.001881621809090489,13.707827427861858
2024-10-30,-0.008762075359409649,13.58771841092515
2024-10-31,-0.03896419877112722,13.058283849915759
2024-11-01,0.0032542161563812455,13.100778328194767
2024-11-04,-0.0071379773399417035,13.007265269352514
2024-11-05,0.0194042336876199,13.259661284275893
2024-11-06,0.05154418202681402,13.943119679126509
2024-11-07,0.02134199181715757,14.240693625224075
2024-11-08,0.01637479979467263,14.47388213227439
2024-11-11,0.012698191935708564,14.657674265644832
2024-11-12,-0.007147226308391624,14.55291255051358
2024-11-13,0.0002011004983382969,14.55583914847976
2024-11-14,-0.009155154025786372,14.422578199100858
2024-11-15,-0.010968595193337732,14.264382777190663
2024-11-18,0.0146375859675347,14.473178906365613
2024-11-19,0.019100708872850647,14.749626883120783
2024-11-20,-0.005360892782852955,14.670555714813286
2024-11-21,-0.002013467410605707,14.641017028986035
2024-11-22,0.005442431576301143,14.72069976237375
2024-11-25,-0.01601408986544861,14.484961153496808
2024-11-26,0.009231490535898473,14.618678935298172
2024-11-27,-0.009890839606874563,14.474087926684742
2024-11-29,0.017421880370227627,14.726253755011598
2024-12-02,0.01614834459937342,14.96405837530534
2024-12-03,0.0022904940003570518,14.998333461234969
2024-12-04,0.017306436426003824,15.257901165777838
2024-12-05,0.010956450018204805,15.425073597283394
2024-12-06,0.009164971309566422,15.566443954250447
2024-12-09,-0.0005989238519440998,15.557120839676294
2024-12-10,-2.676179614780061e-05,15.556704503179736
2024-12-11,0.024573806326138425,15.938991946713841
2024-12-12,-0.005652605579015452,15.848895111911963
2024-12-13,0.00411391716855708,15.91409615361552
2024-12-16,0.01650969429007179,16.17683301601452
2024-12-17,0.010061994721856815,16.339604224438016
2024-12-18,-0.03828204671862542,15.714090732154231
2024-12-19,0.002731129514947722,15.757007949153383
2024-12-20,0.0034879223332279496,15.811967169084086
2024-12-23,0.01488171575743849,16.047276370060345
2024-12-24,0.024590401064415013,16.44188533199164
2024-12-26,-0.004824855633469266,16.362555608922722
2024-12-27,-0.025222635993109088,15.949848824881858
2024-12-30,-0.014002917861100223,15.726504401890072
2024-12-31,-0.017670169523540363,15.44861440309597
2025-01-02,-0.016011133326024718,15.201264578185656
2025-01-03,0.034019906556741,15.718410178679829
2025-01-06,0.0132967418007654,15.927413820344258
2025-01-07,-0.03174224759898786,15.421841907247348
2025-01-08,0.0021162151608923596,15.454477842900351
2025-01-10,-0.016950044763868438,15.192523751660978
2025-01-13,-0.0031383984300580037,15.144843558970146
2025-01-14,-0.00917192343912901,15.005936213349687
2025-01-15,0.03991401328556565,15.604883350731676
2025-01-16,-0.024420952900986226,15.223797229398073
2025-01-17,0.019913151612674374,15.526951011747688
2025-01-21,-0.004048092213566196,15.46409648225661
2025-01-22,0.0174580578906276,15.734069573870096
2025-01-23,-0.001293341179703228,15.713720053765893
2025-01-24,-0.013794346380530814,15.496959556417554
2025-01-27,-0.045622106821516684,14.789955612125949
2025-01-28,0.039314106724694986,15.371409505514569
2025-01-29,-0.01746677161279858,15.102920606314946
2025-01-30,-0.008197699655507346,14.979111399263404
2025-01-31,-0.008118459460860622,14.857504090608769
2025-02-03,-0.030984017118655643,14.397158929524851
2025-02-04,0.015956702338688955,14.626890109086078
2025-02-05,0.004275607333142223,14.689428947697552
2025-02-06,0.0075022326838999065,14.799632461656792
2025-02-07,-0.015870002333551403,14.564762259954595
2025-02-10,0.0014571754949302962,14.585985674609288
2025-02-11,-0.012301813918217719,14.406551593026455
2025-02-12,0.006080123221820083,14.494145201913565
2025-02-13,0.02818141815714742,14.902610768679102
2025-02-14,0.008400991607437208,15.02780747667568
2025-02-18,0.0003826323653962904,15.0335576021972
2025-02-19,0.0077886280686375875,15.150648390909154
2025-02-20,-0.0003882338308925093,15.144766396643847
2025-02-21,-0.026887757624483505,14.737557588491466
2025-02-24,-0.014098360609722554,14.52978218710236
2025-02-25,-0.03181351146413072,14.067538794921656
2025-02-26,-0.006337458550133956,13.97838635090644
2025-02-27,-0.03648925714232154,13.468325416913498
2025-02-28,0.027328696646628736,13.836397196570404
2025-03-03,-0.03813325612986504,13.308770318359038
2025-03-04,-0.008973143342814321,13.18934881457581
2025-03-05,0.017093819632676477,13.414805164284624
2025-03-06,-0.03137130035111779,12.993965282324126
2025-03-07,0.005771259339473894,13.068956825816539
2025-03-10,-0.07171146736011835,12.1317627549712
2025-03-11,0.006539891267433234,12.211103164271009
2025-03-12,0.032537084185341014,12.608416855922778
2025-03-13,-0.019158859455356725,12.366853969425604
2025-03-14,0.033837191577954784,12.785313576405647
2025-03-17,-0.015680795861025054,12.584829684194839
2025-03-18,-0.02677701232634727,12.247845544616172
2025-03-19,0.022032915594360047,12.517701291713461
2025-03-20,0.0006167345752272346,12.525421390902428
2025-03-21,0.019149151604805154,12.765272584030889
2025-03-24,0.04169466128881277,13.297516300681425
2025-03-25,0.012016507529822196,13.457306005436497
2025-03-26,-0.03407046777918907,12.998809294783584
2025-03-27,-0.0011279920348787054,12.984146741436161
2025-03-28,-0.02690255948349851,12.634839961382202
2025-03-31,-0.00450226186864669,12.577954603207617
2025-04-01,0.018775754701489178,12.814115193483909
2025-04-02,0.014680886465726017,13.002237763798181
2025-04-03,-0.06222448379053186,12.19318023082408
2025-04-04,-0.07155671381561904,11.320676322544738
2025-04-07,-0.00814297575371603,11.228492329734589
2025-04-08,-0.030439568494118413,10.88670186837795
2025-04-09,0.16718817073967046,12.706829639140212
2025-04-10,-0.04941701456529768,12.078896053784064
2025-04-11,0.02252284233565957,12.350947125192263
2025-04-14,0.004645458200699393,12.408322933801392
2025-04-15,0.0032982999598983043,12.449249304836354
2025-04-16,-0.04842082395329042,11.84644639589625
2025-04-17,-0.006453246537698798,11.769998356707898
2025-04-21,-0.03638265852229983,11.341774525687764
2025-04-22,0.030489915794039757,11.68758427593097
2025-04-23,0.034314867187239695,12.088642178099212
2025-04-24,0.031025928673437342,12.463703528075625
2025-04-25,0.03929483090727098,12.953462650689712
2025-04-28,-0.003731637607330418,12.905125022317248
2025-04-29,0.009158559477087103,13.023317377393386
2025-04-30,-0.006377849431374399,12.94025662006337
2025-05-01,0.02474926595781682,13.260518472715717
2025-05-02,0.008901467388936796,13.378556545460988
2025-05-05,-0.014887749974601544,13.179379940591096
2025-05-06,-0.007111780417065144,13.085651084420538
2025-05-07,0.005717330205455257,13.160466072623544
2025-05-08,0.012806025476650995,13.32899933643416
2025-05-09,0.011899323686930363,13.487605413961269
2025-05-12,0.0522603962662021,14.192473017577058
2025-05-13,0.028876842570686706,14.602306826594349
2025-05-14,0.02200510269164016,14.923632087848395
2025-05-15,-0.004908736948848469,14.850375903607752
2025-05-16,0.006682603730036679,14.949615081013649
2025-05-19,-0.005725398540177479,14.864022576652598
2025-05-20,-0.0036105600520467407,14.810355130524615
2025-05-21,-0.02030980877070887,14.509559649997373
2025-05-22,0.007112151358280888,14.612753834370158
2025-05-23,-0.014277926481837983,14.404114009425825
2025-05-27,0.03752757472542745,14.944665474268131
2025-05-28,-0.006944499189660447,14.84088225699233
2025-05-29,0.009329549999503944,14.97934101004569
2025-05-30,-0.013600163676536353,14.775619520542415
2025-06-02,0.003374610418481361,14.825481480115954
2025-06-03,0.010627654748531168,14.983041578767368
2025-06-04,-0.007702090650352877,14.867640834309697
2025-06-05,-0.039695583010220525,14.277461163405212
2025-06-06,0.01779989627798051,14.531598491226719
2025-06-09,0.01122118562512081,14.694660255326498
2025-06-10,0.01706344232752735,14.94540174311587
2025-06-11,-0.00558043417230597,14.861999912509743
2025-06-12,0.0020263752577061034,14.892115901412483
2025-06-13,-0.005859453283493299,14.80485624399579
2025-06-16,0.01243261709936233,14.988919352888493
2025-06-17,-0.014768919538964281,14.767549208989658
2025-06-18,0.009215349601105982,14.903637337702035
2025-06-20,0.0014270524489807812,14.924905609863524
2025-06-23,0.02626140277031158,15.316854567393033
2025-06-24,0.0012069231925147528,15.335340834406795
2025-06-25,0.004022596657719396,15.397028725192268
2025-06-26,0.0017354378170665041,15.423749311112424
2025-06-27,0.0020934119193377065,15.456037571761183
2025-06-30,0.001594657830362195,15.480684663101366
2025-07-01,-0.020226015108978118,15.167572101208151
2025-07-02,0.023932156589393128,15.530564811815173
2025-07-03,0.008336688896464939,15.66003829903766
2025-07-07,-0.023474851575438244,15.292421224302073
2025-07-08,0.005590999792660395,15.377921148196421
2025-07-09,0.007693486052693432,15.496230970069488
2025-07-10,0.014189028631198863,15.716107434979474
2025-07-11,0.0036320273708652373,15.773188767346777
2025-07-14,-0.0017414673770375921,15.745720273676588
2025-07-15,0.007253153031507198,15.85992639241287
2025-07-16,0.010897961867592926,16.032767265460215
2025-07-17,0.00346110948570838,16.088258428324856
2025-07-18,0.007736835591600072,16.21273063873998
2025-07-21,-0.0008293835497228119,16.199284066652123
2025-07-22,-0.0036792468500367326,16.139682901777043
2025-07-23,0.00595686988549704,16.23582489281611
2025-07-24,-0.01413884005009225,16.00626916157528
2025-07-25,0.009990911435201921,16.16618637917658
2025-07-28,0.011830960453673961,16.35744789091534
2025-07-29,-0.008337468099081924,16.221068190942436
2025-07-30,0.0013744619802085745,16.243363432449257
2025-07-31,-0.0022930038030084254,16.206117338325004
2025-08-01,-0.021057888406450037,15.86485072791272
2025-08-04,0.021212581870025837,16.201385172834307
2025-08-05,-0.007064410721916936,16.08693193370943
2025-08-06,0.022084052488886313,16.442196582918612
2025-08-07,0.0097211378262054,16.602033442066727
2025-08-08,0.01955960512163374,16.92676266040971
2025-08-11,0.00402420742774709,16.994879464435442
2025-08-12,0.009142444620953594,17.150254208778826
2025-08-13,-0.003298468544738642,17.0936846347369
2025-08-14,-0.001884108909386173,17.061478271222352
2025-08-15,-0.008279489172287158,16.920217946612553
2025-08-18,0.0034090633036772122,16.97790004070457
2025-08-19,-0.017014194494886087,16.68903474729729
2025-08-20,-0.011368512547249188,16.49930524637116
2025-08-21,-0.005073620187505096,16.415594038193362
2025-08-22,0.024503691582121956,16.817836691642572
2025-08-25,0.005279359164652608,16.906624091910224
2025-08-26,0.007647593984722922,17.03591908861749
2025-08-27,0.0019215617440593025,17.068654659013067
2025-08-28,-0.0008813642849128112,17.0536109564051
2025-08-29,-0.018960722603822644,16.730262169667196
2025-09-02,-0.011637884468529924,16.535557311408393
2025-09-03,0.012992390989339464,16.75039373722484
2025-09-04,0.007515787814076191,16.87628614235605
2025-09-05,-0.0041438567098095735,16.806353230788382
2025-09-08,-0.0015046309164513938,16.781065872124536
2025-09-09,0.0004460171937291091,16.788550516032604
2025-09-10,0.003127863201656478,16.841062805400853
2025-09-11,0.018789552303577345,17.15749883583076
2025-09-12,0.028134214711289685,17.640211591986727
2025-09-15,0.014290412375269956,17.892297490023232
2025-09-16,0.0014893814527716653,17.918945946052347
2025-09-17,-0.0026844542789895565,17.870843354932482
2025-09-18,0.0015151288902263693,17.897919985992253
2025-09-19,0.018808970648787726,18.234561437683134
2025-09-22,0.02369093687702381,18.666555281683497
2025-09-23,-0.016013843434677516,18.367631987937866
2025-09-24,0.006267780263367162,18.482756269196653
2025-09-25,-0.006946857353259256,18.354359197899484
2025-09-26,0.011559397923686626,18.56652453950228
2025-09-29,0.007256927622299847,18.7012604642831
2025-09-30,0.009178377412941863,18.87290769092202
2025-10-01,0.010825040627010507,19.07720768342607
2025-10-02,-0.01082750279545694,18.87064916390426
2025-10-03,-0.00357299934866373,18.80322434673277
2025-10-06,0.014983340730773176,19.084959463957034
2025-10-07,-0.014168885359486821,18.814546861221775
2025-10-08,0.010686566973066025,19.015609776322112
2025-10-09,-0.002282471725034013,18.972207184673376
2025-10-10,-0.038978321057791226,18.232702401854244
2025-10-13,0.02454027818378063,18.68013799083783
2025-10-14,-0.014947291282328246,18.40092052709469
2025-10-15,0.004680370117094074,18.48704364565673
2025-10-16,-0.0037054984179385186,18.418539934675387
2025-10-17,0.013948811256949245,18.675456671852757
2025-10-20,0.015251703484534668,18.96028919945013
2025-10-21,-0.0037984499185849674,18.88826949048413
2025-10-22,-0.005983949233507757,18.77524304474426
2025-10-23,0.009410557877688075,18.951928556084486
2025-10-24,0.0017150740550219146,18.984432517043658
